"Seniūnijos pav.","Gatvės pavadinimas","Pastatų numeriai","Komentarai"
"Antakalnio","Anapilio g.",,
"Antakalnio","Antakalnio g.",,
"Antakalnio","Aukštagirio g.",,
"Antakalnio","Bistryčios g.",,
"Antakalnio","Balžio g.",,
"Antakalnio","K. Būgos g.",,
"Antakalnio","Debesijos g.",,
"Antakalnio","Elniakampio g.",,
"Antakalnio","Ežerėlio g.",,
"Antakalnio","Filaretų g. ","103-9999",
"Antakalnio","Gaigalų g.",,
"Antakalnio","Gailestingųjų Seserų g.",,
"Antakalnio","Gaidžių g.",,
"Antakalnio","Gelvadiškių g.",,
"Antakalnio","B. M. Gimbutienės g.",,
"Antakalnio","V. Grybo g.",,
"Antakalnio","A. J. Greimo g.",,
"Antakalnio","Gražinos g.",,
"Antakalnio","Grybautojų g.",,
"Antakalnio","Gvazdikų g.",,
"Antakalnio","K. Jauniaus g.",,
"Antakalnio","Jūratės g.",,
"Antakalnio","Kairėnės g.",,
"Antakalnio","Kairėnų g.",,
"Antakalnio","Kalvos g. ",2,
"Antakalnio","Kanklių g.",,
"Antakalnio","Karačiūnų g.",,
"Antakalnio","Karių Kapų g.",,
"Antakalnio","Klinikų g.",,
"Antakalnio","Kopūstų g.",,
"Antakalnio","Kuosų g.",,
"Antakalnio","Kiškių g.",,
"Antakalnio","Kiškeliškių g.",,
"Antakalnio","Lakštingalų g.",,
"Antakalnio","Latežerio g.",,
"Antakalnio","Lauksargio g.",,
"Antakalnio","Lentupio g.",,
"Antakalnio","Lingių g.",,
"Antakalnio","Lizdeikos g.",,
"Antakalnio","Maudyklos g.",,
"Antakalnio","Mildos g.",,
"Antakalnio","Mileišiškių g.",,
"Antakalnio","Miškadvario g.",,
"Antakalnio","Miškininkų g.",,
"Antakalnio","Medžiotojų g.",,
"Antakalnio","Meiriškių g",,
"Antakalnio","Meškeriotojų g.",,
"Antakalnio","Mėlynių g.",,
"Antakalnio","O. Milašiaus g.",,
"Antakalnio","Naujakurių g.",,
"Antakalnio","Nemenčinės pl.",,
"Antakalnio","Nugalėtojų g.",,
"Antakalnio","M. K. Oginskio g","2-6, 24",
"Antakalnio",". Olandų g. ",,
"Antakalnio","M. K. Paco g.",,
"Antakalnio","Pasakų g",,
"Antakalnio","Pavasario g.",,
"Antakalnio","Pečiukų g.",,
"Antakalnio","Pylimėlių g.",,
"Antakalnio","Plytinės g.",,
"Antakalnio","M. K. Paco g.",,
"Antakalnio","Pasakų g",,
"Antakalnio","Pavasario g.",,
"Antakalnio","Pečiukų g.",,
"Antakalnio","Pylimėlių g.",,
"Antakalnio","Plytinės g.",,
"Antakalnio","Pragiedrulių g.",,
"Antakalnio","Pupojų g.",,
"Antakalnio","Rato g.",,
"Antakalnio","P. Rimšos g.",,
"Antakalnio","Rūtų g.",,
"Antakalnio","Rokantiškių g.","1-9999",
"Antakalnio","Rudausių g.",,
"Antakalnio","Rukeliškių g.",,
"Antakalnio","Saulės g.",,
"Antakalnio","L. Sapiegos g.",,
"Antakalnio","Saulėtekio al.",,
"Antakalnio","Smėlio g.",,
"Antakalnio","Smilgų g.",,
"Antakalnio","Skarbelio g.",,
"Antakalnio","B. Sruogos g.",,
"Antakalnio","Svajonių g.",,
"Antakalnio","Šatrijos Raganos g.",,
"Antakalnio","Centrinė g. ","1-3.",
"Antakalnio","Šilo g.",,
"Antakalnio","Šilėnų g.",,
"Antakalnio","Švyturio g.",,
"Antakalnio","P. Širvio g.",,
"Antakalnio","Tramvajų g.",,
"Antakalnio","Turniškių",,
"Antakalnio","Tverečiaus g.",,
"Antakalnio","Vasaros g.",,
"Antakalnio","Valakupių g.",,
"Antakalnio","Vaidilutės g.",,
"Antakalnio","Veržuvos g.",,
"Antakalnio","P. Vileišio g.",,
"Antakalnio","Viršupio g.",,
"Antakalnio","Vismaliukų g.",,
"Antakalnio","Vinciūniškių g.",,
"Antakalnio","Volungės g.",,
"Antakalnio","Žirgo g.",,
"Antakalnio","Žolyno g.",,
"Antakalnio","Žuvėdrų g.",,
"Antakalnio","Antavilių g.",,
"Antakalnio","J. Biliūno g.",,
"Antakalnio","Laurų g.",,
"Antakalnio","Lazdynų Pelėdos g.",,
"Antakalnio","J. Škėmos g.",,
"Antakalnio","Kalno g. ","54-10000, 51-9999",
"Antakalnio","Barsukynės g.",,
"Antakalnio","Bruknių g.",,
"Antakalnio","Duburio g.",,
"Antakalnio","Juodvarnių g.",,
"Antakalnio","Lietaviškių g.",,
"Antakalnio","Nakvišų g.",,
"Antakalnio","Rasakilų g.",,
"Antakalnio","Sadūniškių g.",,
"Antakalnio","Sokiškių g.",,
"Antakalnio","Taurijos g.",,
"Antakalnio","Apuolės g.",,
"Antakalnio","Vikučionių g.",,
"Antakalnio","Dvarčionių g.",,
"Antakalnio","Giedros g.",,
"Antakalnio","S. Kairio g.",,
"Antakalnio","Keramikų g.",,
"Antakalnio","S. Kerbedžio g.",,
"Antakalnio","Koklių g.",,
"Antakalnio","Kregždžių g.",,
"Antakalnio","Moliakalnio g.",,
"Antakalnio","P. Morkūno g.",,
"Antakalnio","Puodžių g.",,
"Antakalnio","F. Rimgailos g.",,
"Antakalnio","Vanagų g.",,
"Antakalnio","M. Počobuto g",,
"Antakalnio","L. Karsavino g.",,
"Antakalnio","M. Rėmerio g.",,
"Antakalnio","V. Sezemano g.",,
"Antakalnio","K. Semenavičiaus g.",,
"Antakalnio","Antavilių Sodų 1-oji g.",,
"Antakalnio","Antavilių Sodų 2-oji g.",,
"Antakalnio","Antavilių sodų 3-oji g.",,
"Antakalnio","Antavilių Sodų 4-oji g.",,
"Antakalnio","Antavilių Sodų 5-oji g.",,
"Antakalnio","Antavilių Sodų 6-oji g.",,
"Antakalnio","Antavilių Sodų 7-oji g.",,
"Antakalnio","Antavilių Sodų 8-oji g.",,
"Antakalnio","Antavilių Sodų 9-oji g.",,
"Antakalnio","Antavilių Sodų 10-oji g.",,
"Antakalnio","Antavilių Sodų 12-oji g.",,
"Antakalnio","Dvarčionių Sodų 1-oji g.",,
"Antakalnio","Dvarčionių Sodų 2-oji g.",,
"Antakalnio","Dvarčionių Sodų 3-oji g.",,
"Antakalnio","Girinaičių g.",,
"Antakalnio","Girininkijos g.",,
"Antakalnio","Gelvadiškių Sodų 1-oji g.",,
"Antakalnio","Gelvadiškių Sodų 2-oji g.",,
"Antakalnio","Gelvadiškių Sodų 3-oji g.",,
"Antakalnio","Gelvadiškių Sodų 4-oji g.",,
"Antakalnio","Gelvadiškių Sodų 5-oji g.",,
"Antakalnio","Gelvadiškių Sodų 6-oji g.",,
"Antakalnio","Gvazdikų Sodų g.",,
"Antakalnio","Gvazdikų Sodų 1-oji g.",,
"Antakalnio","Gvazdikų Sodų 2-oji g.",,
"Antakalnio","Gvazdikų Sodų 3-oji g.",,
"Antakalnio","Gvazdikų Sodų 4-oji g.",,
"Antakalnio","Gvazdikų Sodų 5-oji g.",,
"Antakalnio","Gvazdikų Sodų 6-oji g.",,
"Antakalnio","Gvazdikų Sodų 7-oji g.",,
"Antakalnio","Gvazdikų Sodų 8-oji g.",,
"Antakalnio","Gvazdikų Sodų 9-oji g.",,
"Antakalnio","Gvazdikų Sodų 10-oji g.",,
"Antakalnio","Gvazdikų Sodų 11-oji g.",,
"Antakalnio","Gvazdikų Sodų 12-oji g.",,
"Antakalnio","Gvazdikų Sodų 13-oji g.",,
"Antakalnio","Gvazdikų Sodų 14-oji g.",,
"Antakalnio","Gvazdikų Sodų 15-oji g.",,
"Antakalnio","Gvazdikų Sodų 16-oji g.",,
"Antakalnio","Juodvarnių Sodų g.",,
"Antakalnio","Juodvarnių Sodų 1-oji g.",,
"Antakalnio","Juodvarnių Sodų 2-oji g.",,
"Antakalnio","Juodvarnių Sodų  3-oji g.",,
"Antakalnio","Juodvarnių Sodų 4-oji g.",,
"Antakalnio","Juodvarnių Sodų 5-oji g.",,
"Antakalnio","Juodvarnių Sodų 6-oji g.",,
"Antakalnio","Juodvarnių Sodų  7-oji g.",,
"Antakalnio","Juodvarnių Sodų 8-oji g.",,
"Antakalnio","Juodvarnių Sodų 9-oji g.",,
"Antakalnio","Juodvarnių Sodų 10-oji g.",,
"Antakalnio","Juodvarnių Sodų 11-oji g",,
"Antakalnio","Juodvarnių Sodų 12-oji g",,
"Antakalnio","Juodvarnių Sodų 13-oji g",,
"Antakalnio","Juodvarnių Sodų 14-oji g",,
"Antakalnio","Juodvarnių Sodų 15-oji g",,
"Antakalnio","Juodvarnių Sodų 16-oji g",,
"Antakalnio","Juodvarnių Sodų 17-oji g",,
"Antakalnio","Juodvarnių Sodų 18-oji g",,
"Antakalnio","Juodvarnių Sodų 19-oji g",,
"Antakalnio","Juodvarnių Sodų 20-oji g",,
"Antakalnio","Juodvarnių Sodų 21-oji g",,
"Antakalnio","Juodvarnių Sodų 22-oji g",,
"Antakalnio","Juodvarnių Sodų 23-oji g",,
"Antakalnio","Juodvarnių Sodų 24-oji g",,
"Antakalnio","Juodvarnių Sodų 25-oji g",,
"Antakalnio","Juodvarnių Sodų 26-oji g",,
"Antakalnio","Juodvarnių Sodų 27-oji g",,
"Antakalnio","Juodvarnių Sodų 28-oji g",,
"Antakalnio","Kairėnės Sodų g.",,
"Antakalnio","Kairėnės Sodų 1-oji g.",,
"Antakalnio","Kairėnės Sodų 2-oji g.",,
"Antakalnio","Kairėnės Sodų 3-oji g.",,
"Antakalnio","Kairėnės Sodų 4-oji g.",,
"Antakalnio","Kalvų Sodų 1-oji g.",,
"Antakalnio","Kalvų Sodų 2-oji g.",,
"Antakalnio","Kalvų Sodų 3-oji g.",,
"Antakalnio","Kalvų Sodų 4-oji g.",,
"Antakalnio","Karačiūnų Sodų 1-oji g.",,
"Antakalnio","Karačiūnų Sodų 2-oji g.",,
"Antakalnio","Karačiūnų Sodų 3-oji g.",,
"Antakalnio","Karačiūnų Sodų 4-oji g.",,
"Antakalnio","Karačiūnų Sodų 5-oji g.",,
"Antakalnio","Karačiūnų Sodų 6-oji g.",,
"Antakalnio","Karačiūnų Sodų 7-oji g.",,
"Antakalnio","Karačiūnų Sodų 8-oji g.",,
"Antakalnio","Karačiūnų Sodų 9-oji g.",,
"Antakalnio","Karačiūnų Sodų 10-oji g.",,
"Antakalnio","Karačiūnų Sodų 11-oji g.",,
"Antakalnio","Karačiūnų Sodų 12-oji g.",,
"Antakalnio","Karačiūnų Sodų 13-oji g.",,
"Antakalnio","Konservatorijos Sodų 1-oji g.",,
"Antakalnio","Konservatorijos Sodų 2-oji g.",,
"Antakalnio","Konservatorijos Sodų 3-oji g.",,
"Antakalnio","Konservatorijos Sodų 4-oji g.",,
"Antakalnio","Lakštingalos Sodų g.",,
"Antakalnio","Lakštingalos Sodų 1-oji g.",,
"Antakalnio","Lakštingalos Sodų 2-oji g.",,
"Antakalnio","Lakštingalos Sodų 3-oji g.",,
"Antakalnio","Lakštingalos Sodų 4-oji g.",,
"Antakalnio","Lakštingalos Sodų 5-oji g.",,
"Antakalnio","Lakštingalos Sodų 6-oji g.",,
"Antakalnio","Laurų Sodų 1-oji g.",,
"Antakalnio","Laurų Sodų 2-oji g.",,
"Antakalnio","Laurų Sodų 3-oji g.",,
"Antakalnio","Laurų Sodų 4-oji g.",,
"Antakalnio","Laurų Sodų 5-oji g.",,
"Antakalnio","Laurų Sodų 6-oji g.",,
"Antakalnio","Laurų Sodų 7-oji g.",,
"Antakalnio","Laurų Sodų 8-oji g.",,
"Antakalnio","Laurų Sodų 9-oji g.",,
"Antakalnio","Laurų Sodų 10-oji g.",,
"Antakalnio","Mileišiškių Sodų g.",,
"Antakalnio","Mileišiškių Sodų 1-oji g.",,
"Antakalnio","Mileišiškių Sodų 2-oji g.",,
"Antakalnio","Mileišiškių Sodų 3-oji g.",,
"Antakalnio","Mileišiškių Sodų 4-oji g.",,
"Antakalnio","Mileišiškių Sodų 5-oji g.",,
"Antakalnio","Mileišiškių Sodų 6-oji g.",,
"Antakalnio","Mileišiškių Sodų 7-oji g.",,
"Antakalnio","Mileišiškių Sodų 8-oji g.",,
"Antakalnio","Mileišiškių Sodų 9-oji g.",,
"Antakalnio","Mileišiškių Sodų 10-oji g.",,
"Antakalnio","Mileišiškių Sodų 11-oji g.",,
"Antakalnio","Mileišiškių Sodų 12-oji g.",,
"Antakalnio","Mileišiškių Sodų 13-oji g.",,
"Antakalnio","Mileišiškių Sodų 14-oji g.",,
"Antakalnio","Pragiedrulių Sodų 1-oji g.",,
"Antakalnio","Pragiedrulių Sodų 2-oji g.",,
"Antakalnio","Pragiedrulių Sodų 3-oji g.",,
"Antakalnio","Pragiedrulių Sodų 4-oji g.",,
"Antakalnio","Pragiedrulių Sodų 5-oji g.",,
"Antakalnio","Pragiedrulių Sodų 6-oji g.",,
"Antakalnio","Pragiedrulių Sodų 7-oji g.",,
"Antakalnio","Pupojų Sodų g.",,
"Antakalnio","Pupojų Sodų 1-oji g.",,
"Antakalnio","Pupojų Sodų 2-oji g.",,
"Antakalnio","Pupojų Sodų 3-oji g.",,
"Antakalnio","Pupojų Sodų 4-oji g.",,
"Antakalnio","Pupojų Sodų 5-oji g.",,
"Antakalnio","Pupojų Sodų 6-oji g.",,
"Antakalnio","Pupojų Sodų 7-oji g.",,
"Antakalnio","Pupojų Sodų 8-oji g.",,
"Antakalnio","Pupojų Sodų 9-oji g.",,
"Antakalnio","Pupojų Sodų 10-oji g.",,
"Antakalnio","Pupojų Sodų 11-oji g.",,
"Antakalnio","Pupojų Sodų 12-oji g.",,
"Antakalnio","Pupojų Sodų 13-oji g.",,
"Antakalnio","Pupojų Sodų 14-oji g.",,
"Antakalnio","Pupojų Sodų 15-oji g.",,
"Antakalnio","Pupojų Sodų 16-oji g.",,
"Antakalnio","Rokantiškių Sodų g.",,
"Antakalnio","Rokantiškių Sodų 1-oji g.",,
"Antakalnio","Rokantiškių Sodų 2-oji g.",,
"Antakalnio","Rokantiškių Sodų 3-oji g.",,
"Antakalnio","Rokantiškių Sodų 4-oji g.",,
"Antakalnio","Rokantiškių Sodų 5-oji g.",,
"Antakalnio","Rokantiškių Sodų 6-oji g.",,
"Antakalnio","Rokantiškių Sodų 7-oji g.",,
"Antakalnio","Rokantiškių Sodų 8-oji g.",,
"Antakalnio","Rokantiškių Sodų 9-oji g.",,
"Antakalnio","Rokantiškių Sodų 10-oji g.",,
"Antakalnio","Rokantiškių Sodų 11-oji g.",,
"Antakalnio","Rokantiškių Sodų 12-oji g.",,
"Antakalnio","Rokantiškių Sodų 13-oji g.",,
"Antakalnio","Rokantiškių Sodų 14-oji g.",,
"Antakalnio","Rokantiškių Sodų 15-oji g.",,
"Antakalnio","Rokantiškių Sodų 16-oji g.",,
"Antakalnio","Rokantiškių Sodų 17-oji g.",,
"Antakalnio","Rudausių Sodų 1-oji g.",,
"Antakalnio","Rudausių Sodų 2-oji g.",,
"Antakalnio","Rudausių Sodų 3-oji g.",,
"Antakalnio","Rudausių Sodų 4-oji g.",,
"Antakalnio","Rudausių Sodų 5-oji g.",,
"Antakalnio","Rudausių Sodų 6-oji g.",,
"Antakalnio","Rudausių Sodų 7-oji g.",,
"Antakalnio","Rudausių Sodų 8-oji g.",,
"Antakalnio","Rudausių Sodų 9-oji g.",,
"Antakalnio","Rudausių Sodų 10-oji g.",,
"Antakalnio","Rudausių Sodų 11-oji g.",,
"Antakalnio","Rudausių Sodų 12-oji g.",,
"Antakalnio","Rudausių Sodų 13-oji g.",,
"Antakalnio","Skarbelio Sodų 1-oji g.",,
"Antakalnio","Skarbelio Sodų 2-oji g.",,
"Antakalnio","Skarbelio Sodų 3-oji g.",,
"Antakalnio","Smėlynės Sodų g.",,
"Antakalnio","Smėlynės Sodų 1-oji g.",,
"Antakalnio","Smėlynės Sodų 2-oji g.",,
"Antakalnio","Smėlynės Sodų 3-oji g.",,
"Antakalnio","Smėlynės Sodų 4-oji g.",,
"Antakalnio","Smėlynės Sodų 5-oji g.",,
"Antakalnio","Šilėnų Sodų 1-oji g.",,
"Antakalnio","Šilėnų Sodų 2-oji g.",,
"Antakalnio","Šilėnų Sodų 3-oji g.",,
"Antakalnio","Šilėnų Sodų 4-oji g.",,
"Antakalnio","Šilėnų Sodų 5-oji g.",,
"Antakalnio","Šilėnų Sodų 6-oji g.",,
"Antakalnio","Šilėnų Sodų 7-oji g.",,
"Antakalnio","Šilėnų Sodų 8-oji g.",,
"Antakalnio","Šilėnų Sodų 9-oji g.",,
"Antakalnio","Talkos Sodų 1-oji g.",,
"Antakalnio","Talkos Sodų 2-oji g.",,
"Antakalnio","Talkos Sodų 3-oji g.",,
"Antakalnio","Talkos Sodų 4-oji g.",,
"Antakalnio","Turniškių Sodų g.",,
"Antakalnio","Vinciūniškių Sodų 1-oji g.",,
"Antakalnio","Vinciūniškių Sodų 2-oji g.",,
"Antakalnio","Vinciūniškių Sodų 3-oji g.",,
"Antakalnio","Vinciūniškių Sodų 4-oji g.",,
"Antakalnio","Vinciūniškių Sodų 5-oji g.",,
"Antakalnio","Vinciūniškių Sodų 6-oji g.",,
"Antakalnio","Vinciūniškių Sodų 7-oji g.",,
"Antakalnio","Vinciūniškių Sodų 8-oji g.",,
"Antakalnio","Vinciūniškių Sodų 9-oji g.",,
"Antakalnio","Vinciūniškių Sodų 10-oji g.",,
"Antakalnio","Vinciūniškių Sodų 11-oji g.",,
"Antakalnio","Vinciūniškių Sodų 12-oji g.",,
"Antakalnio","Vinciūniškių Sodų 13-oji g.",,
"Antakalnio","Vinciūniškių Sodų 14-oji g.",,
"Antakalnio","Vinciūniškių Sodų 15-oji g.",,
"Antakalnio","Vinciūniškių Sodų 16-oji g.",,
"Antakalnio","Vinciūniškių Sodų 17-oji g.",,
"Antakalnio","Vinciūniškių Sodų 18-oji g.",,
"Antakalnio","Vinciūniškių Sodų 19-oji g.",,
"Antakalnio","Vinciūniškių Sodų 20-oji g.",,
"Antakalnio","Vinciūniškių Sodų 21-oji g.",,
"Antakalnio","Vinciūniškių Sodų 22-oji g.",,
"Antakalnio","Vinciūniškių Sodų 23-oji g.",,
"Antakalnio","Vinciūniškių Sodų 24-oji g.",,
"Antakalnio","Viršupio Sodų g.",,
"Antakalnio","Viršupio Sodų 1-oji g.",,
"Antakalnio","Viršupio Sodų 2-oji g.",,
"Antakalnio","Viršupio Sodų 3-oji g.",,
"Antakalnio","Viršupio Sodų 4-oji g.",,
"Antakalnio","Viršupio Sodų 5-oji g.",,
"Antakalnio","Viršupio Sodų 6-oji g.",,
"Antakalnio","Viršupio Sodų 7-oji g.",,
"Antakalnio","Viršupio Sodų 8-oji g.",,
"Antakalnio","Viršupio Sodų 9-oji g.",,
"Antakalnio","Viršupio Sodų 10-oji g.",,
"Antakalnio","Viršupio Sodų 11-oji g.",,
"Antakalnio","Viršupio Sodų 12-oji g.",,
"Antakalnio","Viršupio Sodų 13-oji g.",,
"Antakalnio","Viršupio Sodų 14-oji g.",,
"Antakalnio","Viršupio Sodų 15-oji g.",,
"Antakalnio","Viršupio Sodų 16-oji g.",,
"Antakalnio","Viršupio Sodų 17-oji g.",,
"Antakalnio","Viršupio Sodų 18-oji g.",,
"Antakalnio","Viršupio Sodų 19-oji g.",,
"Antakalnio","Viršupio Sodų 20-oji g.",,
"Antakalnio","Viršupio Sodų 21-oji g.",,
"Antakalnio","Viršupio Sodų 22-oji g.",,
"Antakalnio","Viršupio Sodų 23-oji g.",,
"Antakalnio","Vismaliukų Sodų 1-oji g.",,
"Antakalnio","Vismaliukų Sodų 2-oji g.",,
"Antakalnio","Vismaliukų Sodų 3-oji g.",,
"Antakalnio","Vismaliukų Sodų 4-oji g.",,
"Antakalnio","Vismaliukų Sodų 5-oji g.",,
"Antakalnio","Vismaliukų Sodų 6-oji g.",,
"Antakalnio","Veržuvos Sodų g.",,
"Antakalnio","Vyrių Sodų 1-oji g.",,
"Antakalnio","Vyrių Sodų 2-oji g.",,
"Antakalnio","Vyrių Sodų 3-oji g.",,
"Antakalnio","Žirgo Sodų 1-oji g.",,
"Antakalnio","Žirgo Sodų 2-oji g.",,
"Antakalnio","Žirgo Sodų 3-oji g.",,
"Antakalnio","Žirgo Sodų 4-oji g.",,
"Antakalnio","Žirgo Sodų 5-oji g.",,
"Fabijoniškių","S. Stanevičiaus g.","2-32, 3-25, 3A, 7A, 13A, 14A,   18A, 21A, 24A, 25A,  26A, 27-95, 36-102, 38A, 42A, 45A, 45B, 52A, 56A, 70A,  73A, 79A, 86A, 96A, 98A",
"Fabijoniškių","Šešuolėlių g.",,
"Fabijoniškių","Fabijoniškių g.","1, 1A, 2-10, 2A, 3,  4A, 5A, 5B, 5C, 6A, 7-31, 9A, 18A, 20-24, 20A, 20B, 20C, 21A, 22A, 24A,  28, 32-82, 35-49, 43A, 43B, 45A, 53-69, 60A, 60C, 60D, 61A, 70A, 73-99, 73A,  75A, 79A,  86, 90, 90A, 90B, 90C,  92-96, 92A,  93A,  97A",
"Fabijoniškių","Kaimelio g.","3-19, 6-18, 27, 28, 31A, 36-82, 62A, 63, 64A, 69-75, 70A, 86, 88 ",
"Fabijoniškių","J. Juzeliūno g.",8,
"Fabijoniškių","Ateities g.","17, 17A, 21-25, 21A, 21C, 25A, 25B, 35-55, 77, 91",
"Fabijoniškių","Ateities g.","20-28, 26A, 44, 44A, 48",
"Fabijoniškių","Didlaukio g.","82-98, 84A, 86A, 86E",
"Fabijoniškių","Visorių g. ","2, 6-16, 6A, 12A",
"Fabijoniškių","L. Giros g.","2, 4, 4A, 7, 8-74, 74A, 78-84, 86A, 88-110,  89, 92A, 100A, 106A, 121-131, 127A, 142",
"Fabijoniškių","P. Žadeikos g.","1-5, 1A, 1B, 2-8, 9-17, 9A, 9B, 10-30, 14A, 16A, 26A, 26B, 30A, 30B",
"Fabijoniškių","Gedvydžių g.","1-7, 2-16, 3A, 6A, 8A, 16A, 17-23, 18-24, 23A,  25A, 25-33, 28-38, 33A, 35",
"Fabijoniškių","Ukmergės g.","279, 279A, 281, 283, 283A, 283B, 285, 297A, 315A, 315B, 315C, 317B, 319, 329B, 363, 369, 369A, 371, 373, 379, 383, 383A, 387, 391, 397, 409, 421, 425",
"Fabijoniškių","S. Nėries g.","3-31, 24, 30, 39-59, 63-71, 71A, 75-109",
"Fabijoniškių","M. Šleževičiaus g.","7, 9, 13, 15",
"Fabijoniškių","J.K. Chodkevičiaus g.","1, 9, 11, 19, 21, 23",
"Fabijoniškių","Daubų g.","1-9, 2-10",
"Fabijoniškių","Duonos Kalno g.","1, 22, 28",
"Fabijoniškių","Dominiškių g.","2, 3, 4, 7, 10",
"Fabijoniškių","Eglynlaukio g.","1-11, 4-8",
"Fabijoniškių","A. Gelgaudo g.","1, 2, 2C, 3, 4, 6, 6A, 15, 12-18, 23, ",
"Fabijoniškių","Gojavietės g.","1-7, 2-8",
"Fabijoniškių","Kęsgailų g.","1-9, 4, 8",
"Fabijoniškių","Kireniškių  g.","3-9, 6, 8",
"Fabijoniškių","Kruopiškių g.","1-5, 2, 4",
"Fabijoniškių","Laiškiškių g.","2-8, 3",
"Fabijoniškių","Lygių g.","1-9, 2-10",
"Fabijoniškių","M. Lietuvio g.","1-9, 2, 10, 15, 16, 17, 20",
"Fabijoniškių","Nuotakų g.","1-9, 2-6",
"Fabijoniškių","Pelėdūnų g.","1-9, 2-6",
"Fabijoniškių","Raudonupio g.","1-9, 2-6, 15",
"Fabijoniškių","Riaubonių g.","1-5, 2-18",
"Fabijoniškių","Sidabro Kalno g.","1-15, 2-22",
"Fabijoniškių","M. K. Šemetos g.","1-19, 2-18, 21",
"Fabijoniškių","Šventeliškių g.","3, 5, 7",
"Fabijoniškių","Paukščių Tako g.","1-7, 2, 8-48, 9-49, 52, 54-64, 55-63, 66-74",
"Fabijoniškių","Ožiaragio g.","1-7, 2-6",
"Fabijoniškių","Dvynių g.","1-7, 2-6",
"Fabijoniškių","Mergelės g.","1-11, 2-10",
"Fabijoniškių","Svarstyklių g.","15, 16, 19-27, 30",
"Fabijoniškių","Vandenio g.","2-8, 9A, 10-14, 13, 15, 18, 20, 22, 26, 26A, 26B, 35, 37, 39 ",
"Fabijoniškių","Šaulio g.","5-23.",
"Fabijoniškių","Salaspilio g.",,
"Fabijoniškių","L. Zamenhofo g.",,
"Grigiškių","Afindevičių g., Grigiškės",,
"Grigiškių","Gėlių g., Grigiškės",,
"Grigiškių","Jaunimo skg., Grigiškės",,
"Grigiškių","Kauno Vokės g., Grigiškės",,
"Grigiškių","Kovo 11 -osios g., Grigiškės",,
"Grigiškių","Kranto g., Grigiškės",,
"Grigiškių","Kunigiškių g., Grigiškės",,
"Grigiškių","Lentvario g., Grigiškės",,
"Grigiškių","Liepų g., Grigiškės",,
"Grigiškių","Miško g., Grigiškės",,
"Grigiškių","Mokyklos g., Grigiškės",,
"Grigiškių","Mažasis skg., Grigiškės ",,
"Grigiškių","Naujoji g., Grigiškės",,
"Grigiškių","Nepriklausomybės g., Grigiškės",,
"Grigiškių","Pakalnės g., Grigiškės",,
"Grigiškių","Paupio g., Grigiškės",,
"Grigiškių","Pašto g., Grigiškės",,
"Grigiškių","Projektavimo g., Grigiškės",,
"Grigiškių","Popieriaus g., Grigiškės",,
"Grigiškių","Santakos g., Grigiškės",,
"Grigiškių","Sklandytojų g., Grigiškės",,
"Grigiškių","Smėlio g., Grigiškės",,
"Grigiškių","Sodų g., Grigiškės",,
"Grigiškių","Statybininkų g., Grigiškės",,
"Grigiškių","Šaltinio g., Grigiškės",,
"Grigiškių","Šviesos g., Grigiškės",,
"Grigiškių","Vilniaus g., Grigiškės",,
"Grigiškių","Vijoklių g., Grigiškės",,
"Grigiškių","Žalioji g., Grigiškės",,
"Grigiškių","Kadriškių g., Grigiškės",,
"Grigiškių","Aušros g., Salų km.",,
"Grigiškių","Salų g., Salų km.",,
"Grigiškių","Slankų g., Salų km.",,
"Grigiškių","Suopių g., Salų km.",,
"Grigiškių","Zylių g., Salų km.",,
"Grigiškių","Žalvarinių g., Salų km.",,
"Grigiškių","Sniegenų g., Salų km.",,
"Grigiškių","Erškėčių g., Salų km.",,
"Grigiškių","Geldučių g., Salų km.",,
"Grigiškių","Upokšnio g., Salų km.",,
"Grigiškių","Neravų g., Neravų km.",,
"Grigiškių","Tilvikų g., Neravų km.",,
"Grigiškių","Spyglių g., Neravų km.",,
"Grigiškių","Vokės sodų g., Grigiškės, s/b ""Vokė""","1-7, 2-8",
"Grigiškių","Sklandytojų g., Grigiškės, s/b ""Astra""",,
"Justiniškių","Taikos g.",,
"Justiniškių","Talino g.",,
"Justiniškių","Rygos g.",,
"Justiniškių","Ežeraičio g.",,
"Justiniškių","Skatulės g.",,
"Justiniškių","Mozūriškių g.",,
"Justiniškių","Justiniškių g.","20-28, 28A, 30-42, 42A, 44-58, 62A, 62B, 64, 64A, 64B, 66, 70-86, 91, 91A, 95-101, 101A, 103-109, 109A, 109B, 111-119, 119A, 119B, 119D",
"Justiniškių","Laisvės pr.","64, 64A, 66-78, 78B.",
"Karoliniškių","L. Asanavičiūtės g.","1- 8, 14-18, 36, 38, 44-48",
"Karoliniškių","V. Druskio g.","1/22, 3, 5, 6, 9, 10",
"Karoliniškių","V. Maciulevičiaus g.","20/24, 24, 30, 45-49",
"Karoliniškių","R. Jankausko g.","1-7, 2, 13, 15",
"Karoliniškių","D. Gerbutavičiaus g. ","1/42, 3, 10, 12",
"Karoliniškių","A. P. Kavoliuko g. ","1/42, 3, 10, 12",
"Karoliniškių","V. Vaitkaus g. ","1/7, 2, 3, 5, 9, 13",
"Karoliniškių","A. J. Povilaičio g. ","3, 8, 12, 14",
"Karoliniškių","I. Šimulionio g. ","1, 4, 10",
"Karoliniškių","Sausio 13-osios g. ","4, 5, 7, 11-15, 21, 27, 33, 37",
"Karoliniškių","Sietyno g.","1, 2, 3, 13, 23",
"Karoliniškių","Mėnulio g.","3, 6-22",
"Karoliniškių","Laisvės pr.  ","37, 39, 40, 42, 43, 44",
"Lazdynų","Architektų g.",,
"Lazdynų","A. Baranausko g.",,
"Lazdynų","A. Staškevičiūtės g.",,
"Lazdynų","Bijūnų g.",,
"Lazdynų","Bukčių g.",,
"Lazdynų","Erfurto g.",,
"Lazdynų","E. Čiudakovos g.",,
"Lazdynų","J.K. Vilčinsko g. ",,
"Lazdynų","Gudelių g. ",,
"Lazdynų","J. Vitkaus-Kazimieraičio g.",,
"Lazdynų","Jono Juodišiaus g.",,
"Lazdynų","Jonažolių g.",,
"Lazdynų","Laisvės pr.","3,8",
"Lazdynų","K. Petrausko g. ",,
"Lazdynų","Lazdynėlių g. ",,
"Lazdynų","Lazdynų g. ",,
"Lazdynų","Lietaus g.",,
"Lazdynų","Lūkesčių g. ",,
"Lazdynų","M. Kubiliūtės g. ",,
"Lazdynų","Miškinių g.",,
"Lazdynų","M. Mironaitės g.",,
"Lazdynų","Neužmirštuolių g.",,
"Lazdynų","Oslo g. ",,
"Lazdynų","Parodų g. ",,
"Lazdynų","Pakalnučių g.",,
"Lazdynų","Palaimos g. ",,
"Lazdynų","Pažagiškių g. ",,
"Lazdynų","Ratilių g.",,
"Lazdynų","Rūko g.",,
"Lazdynų","R. Juknevičiaus g.",,
"Lazdynų","Sutemų g.",,
"Lazdynų","Šalnos g.",,
"Lazdynų","Šaltūnų g.",,
"Lazdynų","Šarmos g.",,
"Lazdynų","Šerkšno g.",,
"Lazdynų","Šiltnamių g.",,
"Lazdynų","E. Šimkūnaitės",,
"Lazdynų","Užutėkio g.",,
"Lazdynų","Upėtakio g.",,
"Lazdynų","Ungurių g. ",,
"Lazdynų","V. Krėvės g.",,
"Lazdynų","Vakaro g.",,
"Lazdynų","Vėgėlių g.",,
"Lazdynų","Žaros g.",,
"Lazdynų","Žėručio g.",,
"Naujamiesčio","Aguonų g.","1-9999",
"Naujamiesčio","Akmenų g. ",,
"Naujamiesčio","Algirdo g. ",,
"Naujamiesčio","Amatų g.",,
"Naujamiesčio","Ankštoji g. ",,
"Naujamiesčio","Aukų g. ",,
"Naujamiesčio","Aludarių g.",,
"Naujamiesčio","J. Basanavičiaus g. ","15-53, 16-44",
"Naujamiesčio","Beržyno g. ",,
"Naujamiesčio","Birželio 23-osios g.",,
"Naujamiesčio","Beatričės g. ",,
"Naujamiesčio","M.K.Čiurlionio g. ",,
"Naujamiesčio"," Dainavos g. ",,
"Naujamiesčio","A.Domaševičiaus g.",,
"Naujamiesčio","K.Donelaičio g. ",,
"Naujamiesčio","Geležinkelio g. ","9-9999, 2-10000",
"Naujamiesčio","Geležinio Vilko g.","10,12,16, 29, 29A,14",
"Naujamiesčio","Gedimino pr. ","13-53, 20-64",
"Naujamiesčio","Opštauto g. ",,
"Naujamiesčio","J. Jablonskio g. ",,
"Naujamiesčio","A.Jakšto g.",,
"Naujamiesčio"," J.Jasinskio g.",,
"Naujamiesčio","Jogailos g.","1-9999",
"Naujamiesčio","Jovaro g. ",,
"Naujamiesčio","K.Kalinausko g.","1-9999, 12-26",
"Naujamiesčio","Kauno g. ","5-43, 14-36",
"Naujamiesčio","Kedrų g. ",,
"Naujamiesčio","P.Klimo g. ",,
"Naujamiesčio","Kražių g. ",,
"Naujamiesčio","S.Konarskio g. ","1-49, 2-22, 22B",
"Naujamiesčio","V.Kudirkos g. ",,
"Naujamiesčio"," Lelevelio g. ",,
"Naujamiesčio"," Lentpjūvių g. ir skg.",,
"Naujamiesčio","Lukiškių g. ",,
"Naujamiesčio","Marijampolės g. ",,
"Naujamiesčio","Mindaugo g. ","1-9999, 20-34,42",
"Naujamiesčio"," Mečetės g. ",,
"Naujamiesčio","Muitinės g. ",,
"Naujamiesčio","Naugarduko g.  ","11-55, 12-94",
"Naujamiesčio","Nočios g.",,
"Naujamiesčio","Pamėnkalnio g. ",,
"Naujamiesčio","Panerių g.",,
"Naujamiesčio","Pakalnės g.",,
"Naujamiesčio","V.Mykolaičio-Putino g. ",,
"Naujamiesčio","V.Pietario g.","1-9999",
"Naujamiesčio","Raseinių g. ",,
"Naujamiesčio","Rotundo g. ",,
"Naujamiesčio","Rožių al.",,
"Naujamiesčio","Savanorių pr.","1-17, 2-28",
"Naujamiesčio","Šaltinių g.","1-11, 2-16",
"Naujamiesčio","Šermukšnių g. ",,
"Naujamiesčio","T.Ševčenkos g. ",,
"Naujamiesčio"," Z.Sierakausko g.",,
"Naujamiesčio","P.Skorinos",,
"Naujamiesčio","Smolensko g.",,
"Naujamiesčio","Suvalkų g. ",,
"Naujamiesčio","Statybininkų g. ",,
"Naujamiesčio","A.Smetonos g. ",,
"Naujamiesčio","A.Stulginskio g. ",,
"Naujamiesčio","J.Savickio g. ",,
"Naujamiesčio","Šviesos g.",,
"Naujamiesčio","Šv.Stepono g.","33-41",
"Naujamiesčio","Švitrigailos g. ",,
"Naujamiesčio","J.Tumo-Vaižganto g. ",,
"Naujamiesčio","Tauro g.",,
"Naujamiesčio","Vilniaus g.","9-11.",
"Naujamiesčio","A. Vienuolio g.",,
"Naujamiesčio","Vasario 16-osios g. ",,
"Naujamiesčio","M.Valančiaus g.",,
"Naujamiesčio","A.Vivulskio g. ",,
"Naujamiesčio","Vytenio g.",,
"Naujamiesčio","Žemaitės g.","2-10000",
"Naujininkų","Adutiškio g. ",,
"Naujininkų","Alšėnų g. ",,
"Naujininkų","Alytaus g. ",,
"Naujininkų","Gudų g.  ",,
"Naujininkų","J. Bielinio g. ",,
"Naujininkų","Burbiškių g. ",,
"Naujininkų","Butrimonių g. ",,
"Naujininkų","Brolių g. ",,
"Naujininkų","Dariaus ir Girėno g. ",,
"Naujininkų","Dzūkų g. ",,
"Naujininkų","Darbininkų g. ",,
"Naujininkų","Eišiškių pl. ",,
"Naujininkų","Garvežių g. ",,
"Naujininkų","Geologų g. ",,
"Naujininkų","A.Jaroševičiaus g. ",,
"Naujininkų","Jotvingių g. ",,
"Naujininkų","Kaminkelio g. ",,
"Naujininkų","Kapsų g. ",,
"Naujininkų","Kelmijos g. ",,
"Naujininkų","Konduktorių g. ",,
"Naujininkų","Kuršių g. ",,
"Naujininkų","Lenkų g. ",,
"Naujininkų","Liepkalnio g.  ","27-9999",
"Naujininkų","Merkinės g. ",,
"Naujininkų","Melioratorių g. ",,
"Naujininkų","Mechanikų g. ",,
"Naujininkų","Metalo g.",,
"Naujininkų","Meistrų g.",,
"Naujininkų","Motorų g.",,
"Naujininkų","Naujininkų g.","1/13, 2-18, 3 ,7, 13-17, 21, 23, 23/2 ",
"Naujininkų","Pelesos g.  ","11, 27A, 37/2, 55/1 ",
"Naujininkų","Panevėžio g.  ",,
"Naujininkų","Perlojos g. ",,
"Naujininkų","Pumpurų g.",,
"Naujininkų","Prūsų g. ",,
"Naujininkų","Rodūnios kelias ",,
"Naujininkų","Raistelių g.",,
"Naujininkų","Riešutų g. ",,
"Naujininkų","Rudaminos g. ",,
"Naujininkų","Salininkų g. ",,
"Naujininkų","Sniego g. ",,
"Naujininkų","Sparno g.",,
"Naujininkų","Šaltkalvių g. ",,
"Naujininkų","Tarpkalnio g. ",,
"Naujininkų","Telšių g. ",,
"Naujininkų","Tyzenhauzų g. ","1-19A, 27-9999, 22-10000, 7, 9, 15/2, 19A, 27, 33, 42, 48",
"Naujininkų","Tunelio g. ",,
"Naujininkų","Užusienio g.",,
"Naujininkų","Varėnos g. ",,
"Naujininkų","Vaivorykštės g. ",,
"Naujininkų","Vyšnių g. ",,
"Naujininkų","Žirnių g.",,
"Naujininkų","A.Gustaičio g. ",,
"Naujininkų","J.Dabkevičiaus g. ",,
"Naujininkų","F.Vaitkaus g. ",,
"Naujininkų","Zanavykų g.",,
"Naujininkų","Iešmininkų g.",,
"Naujininkų","Dieveniškių g. ",,
"Naujininkų","Dubičių g.",,
"Naujininkų","Geranainių g. ",,
"Naujininkų","Šalčininkų g. ",,
"Naujininkų","Asavos g. ",,
"Naujininkų","Karaliaus šulnio g. ",,
"Naujininkų","Šalčios g. ",,
"Naujininkų","Versekos g.",,
"Naujininkų","Visinčios g. ",,
"Naujininkų","Žižmos g. ",,
"Naujininkų","Apso g. ",,
"Naujininkų","Katros g. ",,
"Naujininkų","Trobų g. ",,
"Naujininkų","Dusinėnų g. ",,
"Naujininkų","Vaikų g.  ",,
"Naujininkų","Pupinės g.                   ",,
"Naujininkų","Prančiškaus Žvirkos g. ",,
"Naujininkų","Gervėbalės g.              ",,
"Naujininkų","Skaiteros g.                 ",,
"Naujininkų","Sakalaičių g.                ",,
"Naujininkų","Molinės g                     ",,
"Naujininkų","Valakų g.                      ",,
"Naujininkų","Ringės g.",,
"Naujininkų","Gamyklos g.",,
"Naujininkų","Avinėlių g.",,
"Naujininkų","Povų g.",,
"Naujininkų","Griežlių g.",,
"Naujininkų","Katiliškių g.    ","      ",
"Naujininkų","Čigonų g. ",,"Aukštutinis taboras"
"Naujininkų","Tabariškių g. ",,
"Naujininkų","Eišiškių Sodų 1-oji g. ",,"s/b „Pramonės darbuotojų“"
"Naujininkų","Eišiškių Sodų 2-oji g. ",,"s/b „Pramonės darbuotojų“"
"Naujininkų","Eišiškių Sodų 3-oji g. ",,"s/b „Pramonės darbuotojų“"
"Naujininkų","Eišiškių Sodų 4-oji g. ",,"s/b „Pramonės darbuotojų“"
"Naujininkų","Eišiškių Sodų 5-oji g. ",,"s/b „Pramonės darbuotojų“"
"Naujininkų","Eišiškių Sodų 6-oji g. ",,"s/b „Pramonės darbuotojų“"
"Naujininkų","Eišiškių Sodų 7-oji g. ",,"s/b „Pramonės darbuotojų“"
"Naujininkų","Eišiškių Sodų 8-oji g. ",,"s/b „Pramonės darbuotojų“"
"Naujininkų","Eišiškių Sodų 9-oji g. ",,"s/b „Pramonės darbuotojų“"
"Naujininkų","Eišiškių Sodų 10-oji g. ",,"s/b „Pramonės darbuotojų“"
"Naujininkų","Eišiškių Sodų 11-oji g. ",,"s/b „Pramonės darbuotojų“"
"Naujininkų","Eišiškių Sodų 12-oji g. ",,"s/b „Pramonės darbuotojų“"
"Naujininkų","Eišiškių Sodų 13-oji g. ",,"s/b „Pramonės darbuotojų“"
"Naujininkų","Eišiškių Sodų 14-oji g. ",,"s/b „Pramonės darbuotojų“"
"Naujininkų","Eišiškių Sodų 15-oji g. ",,"s/b „Pramonės darbuotojų“"
"Naujininkų","Eišiškių Sodų 16-oji g. ",,"s/b „Pramonės darbuotojų“"
"Naujininkų","Eišiškių Sodų 17oji g. ",,"s/b „Pramonės darbuotojų“"
"Naujininkų","Eišiškių Sodų 18-oji g. ",,"s/b „Pramonės darbuotojų“"
"Naujininkų","Salininkų Sodų 1-oji g. ",,"s/b „Baldai“"
"Naujininkų","Salininkų Sodų 2-oji g. ",,"s/b „Baldai“"
"Naujininkų","Salininkų Sodų 3-oji g. ",,"s/b „Baldai“"
"Naujininkų","Salininkų Sodų 4-oji g. ",,"s/b „Kirtimai“ – „Mechanizatorius“"
"Naujininkų","Salininkų Sodų 5-oji g.  ",,"s/b „Kirtimai“ – „Mechanizatorius“"
"Naujininkų","Salininkų Sodų 6-oji g. ",,"s/b „Kirtimai“ – „Mechanizatorius“"
"Naujininkų","Salininkų Sodų 7-oji g. ",,"s/b „Kirtimai“ – „Mechanizatorius“"
"Naujininkų","Salininkų Sodų 8-oji g. ",,"s/b „Vilnis“"
"Naujininkų","Salininkų Sodų 9-oji g. ",,"s/b „Vilnis“"
"Naujininkų","Salininkų Sodų 10-oji g. ",,"s/b „Vilnis“"
"Naujininkų","Salininkų Sodų 11-oji g. ",,"s/b „Vilnis“"
"Naujininkų","Salininkų Sodų 12-oji g. ",,"s/b „Kooperatininkas“"
"Naujininkų","Salininkų Sodų 13-oji g. ",,"s/b „Kooperatininkas“"
"Naujininkų","Salininkų Sodų 14-oji g. ",,"s/b „Žagrė“"
"Naujininkų","Salininkų Sodų 15-oji g. ",,"s/b „Žagrė“"
"Naujininkų","Salininkų Sodų 16-oji g. ",,"s/b „Žagrė“"
"Naujininkų","Salininkų Sodų 17-oji g. ",,"s/b „Žagrė“"
"Naujininkų","Rodūnios Sodų 1-oji g. ",,"s/b „Aviatorius“"
"Naujininkų","Rodūnios Sodų 2-oji g. ",,"s/b „Aviatorius“"
"Naujininkų","Rodūnios Sodų 3-oji g. ",,"s/b „Aviatorius“"
"Naujininkų","Rodūnios Sodų 4-oji g. ",,"s/b „Aviatorius“"
"Naujininkų","Rodūnios Sodų 5-oji g. ",,"s/b „Aviatorius“"
"Naujininkų","Rodūnios Sodų 6-oji g. ",,"s/b „Aviatorius“"
"Naujininkų","Rodūnios Sodų 7-oji g. ",,"s/b „Aviatorius“"
"Naujininkų","Rodūnios Sodų 8-oji g. ",,"s/b „Aviatorius“"
"Naujininkų","Rodūnios Sodų 9-oji g. ",,"s/b „Poilsis“"
"Naujininkų","Rodūnios Sodų 10-oji g. ",,"s/b „Poilsis“"
"Naujininkų","Rodūnios Sodų 11-oji g. ",,"s/b „Giedra“"
"Naujininkų","Rodūnios Sodų 12-oji g. ",,"s/b „Giedra“"
"Naujininkų","Rodūnios Sodų 13-oji g. ",,"s/b „Poilsis“"
"Naujininkų","Rodūnios Sodų 14-oji g. ",,"s/b „Poilsis“"
"Naujininkų","Rodūnios Sodų 15-oji g. ",,"s/b „Poilsis“"
"Naujininkų","Rodūnios Sodų 16-oji g. ",,"s/b „Poilsis“"
"Naujininkų","Rodūnios Sodų 17-oji g. ",,"s/b „Poilsis“"
"Naujininkų","Rodūnios Sodų 18-oji g. ",,"s/b „Poilsis“"
"Naujininkų","Rodūnios Sodų 19 oji g. ",,"s/b „Erškėtrožė“"
"Naujininkų","Rodūnios Sodų 19-24 oji g. ",,"s/b „Erškėtrožė“"
"Naujininkų","Rodūnios Sodų 20-oji g. ",,"s/b „Erškėtrožė“"
"Naujininkų","Rodūnios Sodų 21-oji g. ",,"s/b „Erškėtrožė“"
"Naujininkų","Rodūnios Sodų 22-oji g. ",,"s/b „Erškėtrožė“"
"Naujininkų","Rodūnios Sodų 23-oji g. ",,"s/b „Erškėtrožė“"
"Naujininkų","Rodūnios Sodų 24-oji g. ",,"s/b „Žaliasis kelias“"
"Naujininkų","Žaliojo kelio 1-oji g. ",,"s/b „Žaliasis kelias“"
"Naujininkų","Žaliojo kelio 2-oji g. ",,"s/b „MSV-1“ – „Laumėšakis“"
"Naujininkų","Sakalaičių Sodų 1-oji g.",,"s/b „MSV-1“ – „Laumėšakis“"
"Naujininkų","Sakalaičių Sodų 2-oji g.",,"s/b „MSV-1“ – „Laumėšakis“"
"Naujininkų","Sakalaičių Sodų 3-oji g.",,"s/b „MSV-1“ – „Laumėšakis“"
"Naujininkų","Sakalaičių Sodų 4-oji g.",,"s/b „MSV-1“ – „Laumėšakis“"
"Naujininkų","Sakalaičių Sodų 5-oji g.",,"s/b „Lokomotyvas“"
"Naujininkų","Sakalaičių Sodų 6-oji g. ",,"s/b „Lokomotyvas“"
"Naujininkų","Sakalaičių Sodų 7-oji g. ",,"s/b „Ekspresas“"
"Naujininkų","Sakalaičių Sodų 8-oji g. ",,"s/b „Ekspresas“"
"Naujininkų","Sakalaičių Sodų 9-oji g. ",,"s/b „Ekspresas“"
"Naujininkų","Sakalaičių Sodų 10-oji g. ",,"s/b „Ekspresas“"
"Naujininkų","Sakalaičių Sodų 11-oji g. ",,
"Naujininkų","Barūnų g.             ",,
"Naujininkų","Jašiūnų g.",,
"Naujininkų","Kalvelių g.",,
"Naujininkų","Krakūnų g.",,
"Naujininkų","Mančiagirės g.",,
"Naujininkų","Marcinkonių g.",,
"Naujininkų","Norviliškių g.",,
"Naujininkų","Nemajūnų g.",,
"Naujininkų","Pabarės g.",,
"Naujininkų","Palionių g.",,
"Naujininkų","Perlamo g.",,
"Naujininkų","Pivašiūnų g.",,
"Naujininkų","Rimdžiūnų g.",,
"Naujininkų","Skurbutėnų g.",,
"Naujininkų","Spenglos g.",,
"Naujininkų","Šumsko g.",,
"Naujininkų","Zervynų g.",,
"Naujininkų","Žadiškių g.",,
"Naujininkų","Žiūrų g.",,
"Naujininkų","Kelmijos Sodų 1-oji g.",,
"Naujininkų","Kelmijos Sodų 2-oji g.",,
"Naujininkų","Kelmijos Sodų 3-oji g.",,
"Naujininkų","Kelmijos Sodų 4-oji g.",,
"Naujininkų","Kelmijos Sodų 5-oji g.",,
"Naujininkų","Kelmijos Sodų 6-oji g.",,
"Naujininkų","Kelmijos Sodų 7-oji g.",,
"Naujininkų","Kelmijos Sodų 8-oji g.",,
"Naujininkų","Kelmijos Sodų 9-oji g.",,
"Naujininkų","Kelmijos Sodų 10-oji g.",,
"Naujininkų","Kelmijos Sodų 11-oji g.",,
"Naujininkų","Kelmijos Sodų 12-oji g.",,
"Naujininkų","Kelmijos Sodų 13-oji g.",,
"Naujininkų","Kelmijos Sodų 14-oji g.",,
"Naujininkų","Kelmijos Sodų 15-oji g.",,
"Naujininkų","Kelmijos Sodų 16-oji g.",,
"Naujininkų","Kelmijos Sodų 17-oji g.",,
"Naujininkų","Kelmijos Sodų 18-oji g.",,
"Naujininkų","Kelmijos Sodų 19-oji g.",,
"Naujininkų","Kelmijos Sodų 20-oji g.",,
"Naujininkų","Kelmijos Sodų 21-oji g.",,
"Naujininkų","Kelmijos Sodų 22-oji g.",,
"Naujininkų","Kelmijos Sodų 23-oji g.",,
"Naujininkų","Kelmijos Sodų 24-oji g.",,
"Naujininkų","Kelmijos Sodų 25-oji g.",,
"Naujininkų","Kelmijos Sodų 26-oji g.",,
"Naujininkų","Kelmijos Sodų 27-oji g.",,
"Naujininkų","Kelmijos Sodų 28-oji g.",,
"Naujininkų","Kelmijos Sodų 30-oji g.",,
"Naujininkų","Kelmijos Sodų 31-oji g.",,
"Naujininkų","Kelmijos Sodų 32-oji g.",,
"Naujininkų","Kelmijos Sodų 33-oji g.",,
"Naujininkų","Kelmijos Sodų 34-oji g.",,
"Naujininkų","Kelmijos Sodų 35-oji g.",,
"Naujininkų","Kelmijos Sodų 36-oji g.",,
"Naujininkų","Kelmijos Sodų 37-oji g.",,
"Naujininkų","Kelmijos Sodų 38-oji g.",,
"Naujininkų","Kelmijos Sodų 39-oji g.",,
"Naujininkų","Kelmijos Sodų 40-oji g.",,
"Naujininkų","Kelmijos Sodų 41-oji g.",,
"Naujininkų","Kelmijos Sodų 42-oji g.",,
"Naujininkų","Kelmijos Sodų 43-oji g.",,
"Naujininkų","Kelmijos Sodų 44-oji g.",,
"Naujininkų","Kelmijos Sodų 45-oji g.",,
"Naujininkų","Kelmijos Sodų 46-oji g.",,
"Naujininkų","Kelmijos Sodų 47-oji g.",,
"Naujininkų","Kelmijos Sodų 48-oji g.",,
"Naujininkų","Kelmijos Sodų 49-oji g.",,
"Naujininkų","Kelmijos Sodų 50-oji g.",,
"Naujininkų","Kelmijos Sodų 51-oji g.",,
"Naujininkų","Kelmijos Sodų 52-oji g.",,
"Naujininkų","Kelmijos Sodų 53-oji g.",,
"Naujininkų","Kelmijos Sodų 54-oji g.",,
"Naujininkų","Kelmijos Sodų 55-oji g.",,
"Naujininkų","Kelmijos Sodų 56-oji g.",,
"Naujininkų","Kelmijos Sodų 57-oji g.",,
"Naujininkų","Kelmijos Sodų 58-oji g.",,
"Naujininkų","Kelmijos Sodų 59-oji g.",,
"Naujininkų","Kelmijos Sodų 60-oji g.",,
"Naujininkų","Kelmijos Sodų 61-oji g.",,
"Naujininkų","Kelmijos Sodų 62-oji g.",,
"Naujininkų","Kelmijos Sodų 63-oji g.",,
"Naujininkų","Kelmijos Sodų 64-oji g.",,
"Naujininkų","Kelmijos Sodų 65-oji g.",,
"Naujininkų","Kelmijos Sodų 66-oji g.",,
"Naujininkų","Kelmijos Sodų 67-oji g.",,
"Naujininkų","Kelmijos Sodų 68-oji g.",,
"Naujininkų","Kelmijos Sodų 69-oji g.",,
"Naujininkų","Kelmijos Sodų 70-oji g.",,
"Naujininkų","Kelmijos Sodų 71-oji g.",,
"Naujininkų","Kelmijos Sodų 72-oji g.",,
"Naujininkų","Kelmijos Sodų 73-oji g.",,
"Naujininkų","Kelmijos Sodų 74-oji g.",,
"Naujininkų","Kelmijos Sodų 75-oji g.",,
"Naujininkų","Kelmijos Sodų 76-oji g.",,
"Naujininkų","Kelmijos Sodų 77-oji g.",,
"Naujininkų","Kelmijos Sodų 78-oji g.",,
"Naujininkų","Kelmijos Sodų 79-oji g.",,
"Naujininkų","Kelmijos Sodų 80-oji g.",,
"Naujininkų","Kelmijos Sodų 81-oji g.",,
"Naujininkų","Kelmijos Sodų 82-oji g.",,
"Naujininkų","Kelmijos Sodų 83-oji g.",,
"Naujininkų","Kelmijos Sodų 84-oji g.",,
"Naujininkų","Kelmijos Sodų 85-oji g.",,
"Naujininkų","Kelmijos Sodų 86-oji g.",,
"Naujininkų","Miškinių Sodų g.",,
"Naujininkų","Miškinių Sodų 1-oji g.",,
"Naujininkų","Miškinių Sodų 2-oji g.",,
"Naujininkų","Baltosios Vokės Sodų g.",,
"Naujininkų","Barčių g. ",,
"Naujininkų","Sebastijoniškių g.",,
"Naujininkų","Pilikonių g.",,
"Naujininkų","Ilgalaukio g.",,
"Naujininkų","Palionių g.",,
"Naujininkų","Aidukaičių g.",,
"Naujininkų","Bartų g.",,
"Naujininkų","Dargiliškių g. ",,
"Naujininkų","Navasiškių g.",,
"Naujininkų","Tūkstantmečio g. ",,
"Naujininkų","Javų g.",,
"Naujosios Vilnios","Airių",,
"Naujosios Vilnios","Adolfo Baliūno",,
"Naujosios Vilnios","Akacijų",,
"Naujosios Vilnios","Anglų",,
"Naujosios Vilnios","Ateities Sodų 1-oji ",,"s. b.  „Ateitis‘"
"Naujosios Vilnios","Ateities Sodų 2-oji ",,"s. b.  „Ateitis‘"
"Naujosios Vilnios","Ateities Sodų 3-oji",,"s. b.  „Ateitis‘"
"Naujosios Vilnios","Ateities Sodų 4-oji",,"s. b.  „Ateitis‘"
"Naujosios Vilnios","Arimų",,
"Naujosios Vilnios","Arimų Sodų g.",,"s. b „Aušra“"
"Naujosios Vilnios","Arimų Sodų 1-oji ",,"s. b „Aušra“"
"Naujosios Vilnios","Arimų Sodų 2-oji ",,"s. b „Aušra“"
"Naujosios Vilnios","Arimų Sodų 3-oji",,"s. b „Aušra“"
"Naujosios Vilnios","Arimų Sodų 4-oji ",,"s. b „Aušra“"
"Naujosios Vilnios","Arimų Sodų 5-oji ",,"s. b „Aušra“"
"Naujosios Vilnios","Arimų Sodų 6-oji",,"s. b „Aušra“"
"Naujosios Vilnios","Arimų Sodų 7-oji",,"s. b „Aušra“"
"Naujosios Vilnios","Arimų Sodų 8-oji ",,"s. b „Aušra“"
"Naujosios Vilnios","Arimų Sodų 9-oji ",,"s. b „Aušra“"
"Naujosios Vilnios","Arimų Sodų 10-oji ",,"s. b „Aušra“"
"Naujosios Vilnios","Arimų Sodų 11-oji",,"s. b „Aušra“"
"Naujosios Vilnios","Astravo",,
"Naujosios Vilnios","Austrų",,
"Naujosios Vilnios","Ašmenėlės",,
"Naujosios Vilnios","Audronės",,
"Naujosios Vilnios","Bagušių",,
"Naujosios Vilnios","Bajoriūnų",,
"Naujosios Vilnios","Petro Babickio",,
"Naujosios Vilnios","M. Balinsko",,
"Naujosios Vilnios","Baniškių",,
"Naujosios Vilnios","Baniškių Sodų 1-oji ",,"s/b „Agregatas‘ iki s/b „Svajonė – 33“ "
"Naujosios Vilnios","Baniškių Sodų 2-oji ",,"s/b „Agregatas‘ iki s/b „Svajonė – 33“ "
"Naujosios Vilnios","Baniškių Sodų 3-oji ",,"s/b „Agregatas‘ iki s/b „Svajonė – 33“ "
"Naujosios Vilnios","Baniškių Sodų 4-oji",,"s/b „Agregatas‘ iki s/b „Svajonė – 33“ "
"Naujosios Vilnios","Baniškių Sodų 5-oji",,"s/b „Agregatas‘ iki s/b „Svajonė – 33“ "
"Naujosios Vilnios","Baniškių Sodų 6-oji",,"s/b „Agregatas‘ iki s/b „Svajonė – 33“ "
"Naujosios Vilnios","Baniškių Sodų 7-oji",,"s/b „Agregatas‘ iki s/b „Svajonė – 33“ "
"Naujosios Vilnios","Baniškių Sodų 8-oji",,"s/b „Agregatas‘ iki s/b „Svajonė – 33“ "
"Naujosios Vilnios","Broniaus Kazio Balučio",,
"Naujosios Vilnios","Saliamono Banaičio",,
"Naujosios Vilnios","St. Batoro","15-9999, 98-10000",
"Naujosios Vilnios","Stasio Antano Bačkio",,
"Naujosios Vilnios","Bedugnės",,
"Naujosios Vilnios","Belmonto","17-9999, 36-10000",
"Naujosios Vilnios","Benekainių",,
"Naujosios Vilnios","Bičių",,
"Naujosios Vilnios","K. Bizausko",,
"Naujosios Vilnios","Biržiškų",,
"Naujosios Vilnios","Briedžių",,
"Naujosios Vilnios","Brolių Mozerių",,
"Naujosios Vilnios","V. Čarneckio",,
"Naujosios Vilnios","Čekų",,
"Naujosios Vilnios","Čekėnų",,
"Naujosios Vilnios","Čepkelių",,
"Naujosios Vilnios","K. Čibiro",,
"Naujosios Vilnios","Čiobrelių",,
"Naujosios Vilnios","J. Čiurlionytės",,
"Naujosios Vilnios","J. Cicėno",,
"Naujosios Vilnios","Degutiškių",,
"Naujosios Vilnios","Dukelių",,
"Naujosios Vilnios","Dūmų",,
"Naujosios Vilnios","Darželio",,
"Naujosios Vilnios","Daulių",,
"Naujosios Vilnios","M. Davainio-Silvestraičio",,
"Naujosios Vilnios","Dilgynės","1-9999",
"Naujosios Vilnios","Draugystės",,
"Naujosios Vilnios","Daubėnų",,
"Naujosios Vilnios","Danų",,
"Naujosios Vilnios","Džiaugsmo",,
"Naujosios Vilnios","Eglinės Sodų",,
"Naujosios Vilnios","Eglinės  Sodų 1-oji ",,
"Naujosios Vilnios","Eglinės  Sodų 2-oji ",,
"Naujosios Vilnios","Eglinės  Sodų 3-oji ",,
"Naujosios Vilnios","Eglinės  Sodų 4-oji ",,
"Naujosios Vilnios","Eglinės  Sodų 5-oji ",,
"Naujosios Vilnios","Eglinės  Sodų 6-oji ",,
"Naujosios Vilnios","Eglinės  Sodų 7-oji ",,
"Naujosios Vilnios","Eglinės  Sodų 8-oji ",,
"Naujosios Vilnios","Eglinės  Sodų 9-oji ",,
"Naujosios Vilnios","Eglinės  Sodų 10-oji ",,
"Naujosios Vilnios","Estų",,
"Naujosios Vilnios","Galinės",,
"Naujosios Vilnios","Garsioji",,
"Naujosios Vilnios","Genių",,
"Naujosios Vilnios","Gerovės",,
"Naujosios Vilnios","Gerviškių",,
"Naujosios Vilnios","Gluosnių",,
"Naujosios Vilnios","Graikų",,
"Naujosios Vilnios","Graužados",,
"Naujosios Vilnios","B. Grigo",,
"Naujosios Vilnios","Grigaičių",,
"Naujosios Vilnios","Grikių",,
"Naujosios Vilnios","Grūdų",,
"Naujosios Vilnios","Z. Gulevič",,
"Naujosios Vilnios","Gurių","2-14, 1-9999",
"Naujosios Vilnios","Gurių Sodų",,"s/b „Aguona‘ iki s/b „Statybininkas“"
"Naujosios Vilnios","Grūdų Sodų 1-oji",,
"Naujosios Vilnios","Grūdų Sodų 2-oji ",,
"Naujosios Vilnios","Grūdų Sodų 3-oji ",,
"Naujosios Vilnios","Grūdų Sodų 4-oji ",,
"Naujosios Vilnios","Grūdų Sodų 5-oji ",,
"Naujosios Vilnios","Grūdų Sodų 6-oji ",,
"Naujosios Vilnios","Grūdų Sodų 7-oji ",,
"Naujosios Vilnios","Grūdų Sodų 8-oji ",,
"Naujosios Vilnios","Grūdų Sodų 9-oji ",,
"Naujosios Vilnios","Grūdų Sodų 10-oji ",,
"Naujosios Vilnios","Grūdų Sodų 11-oji ",,
"Naujosios Vilnios","Grūdų Sodų 12-oji ",,
"Naujosios Vilnios","Grūdų Sodų 13-oji ",,
"Naujosios Vilnios","Grūdų Sodų 14-oji ",,
"Naujosios Vilnios","Gurių Sodų 1-oji ",,"s/b „Jurginas‘ iki s/b „Ramybė‘"
"Naujosios Vilnios","Gurių Sodų 2-oji",,"s/b „Jurginas‘ iki s/b „Ramybė‘"
"Naujosios Vilnios","Gurių Sodų 3-oji",,"s/b „Jurginas‘ iki s/b „Ramybė‘"
"Naujosios Vilnios","Gurių Sodų 4-oji",,"s/b „Jurginas‘ iki s/b „Ramybė‘"
"Naujosios Vilnios","Gurių Sodų 5-oji",,"s/b „Jurginas‘ iki s/b „Ramybė‘"
"Naujosios Vilnios","Gurių Sodų 6-oji",,"s/b „Jurginas‘ iki s/b „Ramybė‘"
"Naujosios Vilnios","Gurių Sodų 7-oji",,"s/b „Jurginas‘ iki s/b „Ramybė‘"
"Naujosios Vilnios","Gurių Sodų 8-oji",,"s/b „Jurginas‘ iki s/b „Ramybė‘"
"Naujosios Vilnios","Gurių Sodų 9-oji",,"s/b „Jurginas‘ iki s/b „Ramybė‘"
"Naujosios Vilnios","Gurių Sodų 10-oji",,"s/b „Jurginas‘ iki s/b „Ramybė‘"
"Naujosios Vilnios","Gurių Sodų 11-oji",,"s/b „Jurginas‘ iki s/b „Ramybė‘"
"Naujosios Vilnios","Gurių Sodų 12-oji",,"s/b „Jurginas‘ iki s/b „Ramybė‘"
"Naujosios Vilnios","Gurių Sodų 13-oji",,"s/b „Jurginas‘ iki s/b „Ramybė‘"
"Naujosios Vilnios","Gurių Sodų 14-oji",,"s/b „Jurginas‘ iki s/b „Ramybė‘"
"Naujosios Vilnios","Gurių Sodų 15-oji",,"s/b „Jurginas‘ iki s/b „Ramybė‘"
"Naujosios Vilnios","Gurių Sodų 16-oji",,"s/b „Jurginas‘ iki s/b „Ramybė‘"
"Naujosios Vilnios","Gurių Sodų 17-oji",,"s/b „Jurginas‘ iki s/b „Ramybė‘"
"Naujosios Vilnios","Gurių Sodų 18-oji",,"s/b „Jurginas‘ iki s/b „Ramybė‘"
"Naujosios Vilnios","Gurių Sodų 19-oji",,"s/b „Jurginas‘ iki s/b „Ramybė‘"
"Naujosios Vilnios","Gurių Sodų 20-oji",,"s/b „Jurginas‘ iki s/b „Ramybė‘"
"Naujosios Vilnios","Gurių Sodų 21-oji",,"s/b „Jurginas‘ iki s/b „Ramybė‘"
"Naujosios Vilnios","Gurių Sodų 22-oji",,"s/b „Jurginas‘ iki s/b „Ramybė‘"
"Naujosios Vilnios","Gurių Sodų 23-oji",,"s/b „Jurginas‘ iki s/b „Ramybė‘"
"Naujosios Vilnios","Gurių Sodų 24-oji",,"s/b „Jurginas‘ iki s/b „Ramybė‘"
"Naujosios Vilnios","Gurių Sodų 25-oji",,"s/b „Jurginas‘ iki s/b „Ramybė‘"
"Naujosios Vilnios","Gurių Sodų 26-oji",,"s/b „Jurginas‘ iki s/b „Ramybė‘"
"Naujosios Vilnios","Gurių Sodų 27-oji",,"s/b „Jurginas‘ iki s/b „Ramybė‘"
"Naujosios Vilnios","Gurių Sodų 28-oji",,"s/b „Jurginas‘ iki s/b „Ramybė‘"
"Naujosios Vilnios","Gurių Sodų 29-oji",,"s/b „Jurginas‘ iki s/b „Ramybė‘"
"Naujosios Vilnios","Gurių Sodų 30-oji",,"s/b „Jurginas‘ iki s/b „Ramybė‘"
"Naujosios Vilnios","Gurių Sodų 31-oji",,"s/b „Jurginas‘ iki s/b „Ramybė‘"
"Naujosios Vilnios","Gurių Sodų 32-oji",,"s/b „Jurginas‘ iki s/b „Ramybė‘"
"Naujosios Vilnios","Gurių Sodų 33-oji",,"s/b „Jurginas‘ iki s/b „Ramybė‘"
"Naujosios Vilnios","Ievų",,
"Naujosios Vilnios","Ispanų",,
"Naujosios Vilnios","Italų",,
"Naujosios Vilnios","Ivaniškių Sodų 1-oji",,"s/b „Mozaika“"
"Naujosios Vilnios","Ivaniškių Sodų 2-oji",,"s/b „Mozaika“"
"Naujosios Vilnios","Ivaniškių Sodų 3-oji",,"s/b „Mozaika“"
"Naujosios Vilnios","Ivaniškių Sodų 4-oji",,"s/b „Mozaika“"
"Naujosios Vilnios","Ivaniškių Sodų 5-oji",,"s/b „Mozaika“"
"Naujosios Vilnios","K. Jakubėno",,
"Naujosios Vilnios","Jakštonių",,
"Naujosios Vilnios","Jazminų",,
"Naujosios Vilnios","Juodasis kelias","19-9999, 20-10000",
"Naujosios Vilnios","Juodupio",,
"Naujosios Vilnios","V. Jurgučio",,
"Naujosios Vilnios","Jurginų",,
"Naujosios Vilnios","Jurotiškių",,
"Naujosios Vilnios","Kalnėnų",,
"Naujosios Vilnios","Kalno",,
"Naujosios Vilnios","Kampo",,
"Naujosios Vilnios","Kaniaviškių",,
"Naujosios Vilnios","Karklėnų",,
"Naujosios Vilnios","Karklų",,
"Naujosios Vilnios","Katkų",,
"Naujosios Vilnios","J. Kėkšto",,
"Naujosios Vilnios","Kirtavietės",,
"Naujosios Vilnios","Klonių",,
"Naujosios Vilnios","A. Kojelavičiaus",,
"Naujosios Vilnios","M. Krupavičiaus",,
"Naujosios Vilnios","J. Kolaso",,
"Naujosios Vilnios","Kučkuriškių",,
"Naujosios Vilnios","A. Kulviečio",,
"Naujosios Vilnios","J. Kupalos",,
"Naujosios Vilnios","Kuodiškių",,
"Naujosios Vilnios","Kurapkų",,
"Naujosios Vilnios","Latežerio",,
"Naujosios Vilnios","B. Laurinavičiaus",,
"Naujosios Vilnios","Lazūnų",,
"Naujosios Vilnios","Lelijų",,
"Naujosios Vilnios","Liepto",,
"Naujosios Vilnios","Liepų alėja",,
"Naujosios Vilnios","Linksmoji",,
"Naujosios Vilnios","Linų",,
"Naujosios Vilnios","A. Liobytės",,
"Naujosios Vilnios","Liškiavos",,
"Naujosios Vilnios","Lipniškių",,
"Naujosios Vilnios","S. Lozoraičio",,
"Naujosios Vilnios","A. Maceinos",,
"Naujosios Vilnios","R. Mackonio",,
"Naujosios Vilnios","D. Malinausko",,
"Naujosios Vilnios","Daulių",,
"Naujosios Vilnios","Medaus",,
"Naujosios Vilnios","Meškonių",,
"Naujosios Vilnios","Miškadvario",,
"Naujosios Vilnios","Mickūnų",,
"Naujosios Vilnios","Migūnų",,
"Naujosios Vilnios","Minsko plentas","22-10000",
"Naujosios Vilnios","V. Mirono",,
"Naujosios Vilnios","Mirtų",,
"Naujosios Vilnios","Mūrinė",,
"Naujosios Vilnios","S. Narutavičiaus",,
"Naujosios Vilnios","Nasturtų",,
"Naujosios Vilnios","Naujoji",,
"Naujosios Vilnios","Nevidonių",,
"Naujosios Vilnios","Norvegų",,
"Naujosios Vilnios","Paeglinės",,
"Naujosios Vilnios","Paeglinės Sodų 1-oji      ",,
"Naujosios Vilnios","Paeglinės Sodų 2-oji       ",,
"Naujosios Vilnios","Paeglinės Sodų 3-oji       ",,
"Naujosios Vilnios","Paeglinės Sodų 4-oji       ",,
"Naujosios Vilnios","Paeglinės Sodų 5-oji       ",,
"Naujosios Vilnios","Paeglinės Sodų 6-oji       ",,
"Naujosios Vilnios","Paeglinės Sodų 7-oji       ",,
"Naujosios Vilnios","Paeglinės Sodų 8-oji       ",,
"Naujosios Vilnios","Paeglinės Sodų 9-oji       ",,
"Naujosios Vilnios","Paeglinės Sodų 10-oji       ",,
"Naujosios Vilnios","Palaukės",,
"Naujosios Vilnios","L. Palevičiaus",,
"Naujosios Vilnios","Palydovo",,
"Naujosios Vilnios","Pamiškio",,
"Naujosios Vilnios","Paparčių",,
"Naujosios Vilnios","Parko",,
"Naujosios Vilnios","A. Paškevič-Ciotkos",,
"Naujosios Vilnios","Pavėsio",,
"Naujosios Vilnios","Pavilnio","41-9999, 6-10000",
"Naujosios Vilnios","Pavilnio Sodų 1-oji",,
"Naujosios Vilnios","Pavilnio Sodų 2-oji",,
"Naujosios Vilnios","Pavilnio Sodų 3-oji",,
"Naujosios Vilnios","Pavilnio Sodų 4-oji",,
"Naujosios Vilnios","Pavilnio Sodų 5-oji",,
"Naujosios Vilnios","Pavilnio Sodų 6-oji",,
"Naujosios Vilnios","Pavilnio Sodų 7-oji",,
"Naujosios Vilnios","Pavilnio Sodų 8-oji",,
"Naujosios Vilnios","Pavilnio Sodų 9-oji",,
"Naujosios Vilnios","Pavilnio Sodų 10-oji",,
"Naujosios Vilnios","Pavilnio Sodų 11-oji",,
"Naujosios Vilnios","Pavilnio Sodų 12-oji",,
"Naujosios Vilnios","Pavilnio Sodų 13-oji",,
"Naujosios Vilnios","Pavilnio Sodų 14-oji",,
"Naujosios Vilnios","Pavilnio Sodų 15-oji",,
"Naujosios Vilnios","Pavilnio Sodų 16-oji",,
"Naujosios Vilnios","Pavilnio Sodų 17-oji",,
"Naujosios Vilnios","Pavilnio Sodų 18-oji",,
"Naujosios Vilnios","Pavilnio Sodų 19-oji",,
"Naujosios Vilnios","Pavilnio Sodų 20-oji",,
"Naujosios Vilnios","Pavilnio Sodų 21-oji",,
"Naujosios Vilnios","Pavilnio Sodų 22-oji",,
"Naujosios Vilnios","Pempių",,
"Naujosios Vilnios","Pempių Sodų",,"s/b „Spalis“"
"Naujosios Vilnios","Pempių Sodų 1-oji",,"s/b „Spalis“"
"Naujosios Vilnios","Pempių Sodų 2-oji ",,"s/b „Spalis“"
"Naujosios Vilnios","Pempių Sodų 3-oji",,"s/b „Spalis“"
"Naujosios Vilnios","Pergalės",,
"Naujosios Vilnios","Plytų",,
"Naujosios Vilnios","Portugalų",,
"Naujosios Vilnios","Pramonės",,
"Naujosios Vilnios","Prancūzų",,
"Naujosios Vilnios","Priekalo",,
"Naujosios Vilnios","Punios",,
"Naujosios Vilnios","Pūčkorių",,
"Naujosios Vilnios","Raigardo",,
"Naujosios Vilnios","Rakonių",,
"Naujosios Vilnios","Retkonių",,
"Naujosios Vilnios","S. Raštikio",,
"Naujosios Vilnios","Rimdžiūnų",,
"Naujosios Vilnios","Rytų",,
"Naujosios Vilnios","Rokantiškių","2-10000",
"Naujosios Vilnios","Rokantos",,
"Naujosios Vilnios","Rugiagėlių",,
"Naujosios Vilnios","Rukainių",,
"Naujosios Vilnios","Samalaukės",,
"Naujosios Vilnios","Saulenių",,
"Naujosios Vilnios","V. Sirokomlės",,
"Naujosios Vilnios","N. Vėliaus",,
"Naujosios Vilnios","Skaidiškių",,
"Naujosios Vilnios","Skardžio",,
"Naujosios Vilnios","Skydo",,
"Naujosios Vilnios","J. Slovackio",,
"Naujosios Vilnios","Smurgainių",,
"Naujosios Vilnios","Sodelio",,
"Naujosios Vilnios","Sodžiaus",,
"Naujosios Vilnios","R. Stašio",,
"Naujosios Vilnios","J. Staugaičio",,
"Naujosios Vilnios","Strelčiukų",,
"Naujosios Vilnios","Svajos",,
"Naujosios Vilnios","Suomių",,
"Naujosios Vilnios","S. Šalkausko",,
"Naujosios Vilnios","Šiaurės",,
"Naujosios Vilnios","Šiaurės Sodų 1-oji ",,"s/b „Vilnelė“"
"Naujosios Vilnios","Šiaurės Sodų 2-oji ",,"s/b „Vilnelė“"
"Naujosios Vilnios","Šiaurės Sodų 3-oji ",,"s/b „Vilnelė“"
"Naujosios Vilnios","Šiaurės Sodų 4-oji ",,"s/b „Vilnelė“"
"Naujosios Vilnios","Šiaurės Sodų 5-oji ",,"s/b „Vilnelė“"
"Naujosios Vilnios","Šiaurės Sodų 6-oji ",,"s/b „Vilnelė“"
"Naujosios Vilnios","Šiaurės Sodų 7-oji ",,"s/b „Vilnelė“"
"Naujosios Vilnios","Šiaurės Sodų 8-oji ",,"s/b „Vilnelė“"
"Naujosios Vilnios","Škotų",,
"Naujosios Vilnios","S. Šilingo",,
"Naujosios Vilnios","Švedų",,
"Naujosios Vilnios","M. Šikšnio",,
"Naujosios Vilnios","Širšių",,
"Naujosios Vilnios","P. B. Šivickio",,
"Naujosios Vilnios","Švarioji",,
"Naujosios Vilnios","Švendubrės",,
"Naujosios Vilnios","Taboro",,
"Naujosios Vilnios","Tako",,
"Naujosios Vilnios","Taugotiškių",,
"Naujosios Vilnios","Tolimoji",,
"Naujosios Vilnios","Tolimosios Sodų",,"s/b „Veteranas“"
"Naujosios Vilnios","Tolimosios Sodų 1-oji ",,"s/b „Veteranas“"
"Naujosios Vilnios","Tolimosios Sodų 2-oji ",,"s/b „Veteranas“"
"Naujosios Vilnios","Tolimosios Sodų 3-oji ",,"s/b „Veteranas“"
"Naujosios Vilnios","Tolimosios Sodų 4-oji ",,"s/b „Veteranas“"
"Naujosios Vilnios","M. Tomonio",,
"Naujosios Vilnios","Topolių",,
"Naujosios Vilnios","Tremtinių",,
"Naujosios Vilnios","Tulpių",,
"Naujosios Vilnios","Tuputiškių",,
"Naujosios Vilnios","Untulių",,
"Naujosios Vilnios","Uosių",,
"Naujosios Vilnios","Uosių Sodų 1-oji ",,"s/b „Ąžuolas“"
"Naujosios Vilnios","Uosių Sodų 2-oji",,"s/b „Ąžuolas“"
"Naujosios Vilnios","Uosių Sodų 3-oji",,"s/b „Ąžuolas“"
"Naujosios Vilnios","Uosių Sodų 4-oji",,"s/b „Ąžuolas“"
"Naujosios Vilnios","Uosių Sodų 5-oji",,"s/b „Ąžuolas“"
"Naujosios Vilnios","Uosių Sodų 6-oji",,"s/b „Ąžuolas“"
"Naujosios Vilnios","Uosių Sodų 7-oji",,"s/b „Ąžuolas“"
"Naujosios Vilnios","Uosių Sodų 8-oji",,"s/b „Ąžuolas“"
"Naujosios Vilnios","Uosių Sodų 9-oji",,"s/b „Ąžuolas“"
"Naujosios Vilnios","Uosių Sodų 10-oji",,"s/b „Ąžuolas“"
"Naujosios Vilnios","Uosių Sodų 11-oji",,"s/b „Ąžuolas“"
"Naujosios Vilnios","Uosių Sodų 12-oji",,"s/b „Ąžuolas“"
"Naujosios Vilnios","Uosių Sodų 13-oji",,"s/b „Ąžuolas“"
"Naujosios Vilnios","Uosių Sodų 14-oji",,"s/b „Ąžuolas“"
"Naujosios Vilnios","Uosių Sodų 15-oji",,"s/b „Ąžuolas“"
"Naujosios Vilnios","Uosių Sodų 16-oji",,"s/b „Ąžuolas“"
"Naujosios Vilnios","Uosių Sodų 17-oji",,"s/b „Ąžuolas“"
"Naujosios Vilnios","Uosių Sodų 18-oji",,"s/b „Ąžuolas“"
"Naujosios Vilnios","Uosių Sodų 19-oji",,"s/b „Ąžuolas“"
"Naujosios Vilnios","Uosių Sodų 20-oji",,"s/b „Ąžuolas“"
"Naujosios Vilnios","Uosių Sodų 21-oji",,"s/b „Ąžuolas“"
"Naujosios Vilnios","Uosių Sodų 22-oji",,"s/b „Ąžuolas“"
"Naujosios Vilnios","Uosių Sodų 23-oji",,"s/b „Ąžuolas“"
"Naujosios Vilnios","Uosių Sodų 24-oji",,"s/b „Ąžuolas“"
"Naujosios Vilnios","Uosių Sodų 25-oji",,"s/b „Ąžuolas“"
"Naujosios Vilnios","Uosių Sodų 26-oji",,"s/b „Ąžuolas“"
"Naujosios Vilnios","Uosių Sodų 27-oji",,"s/b „Ąžuolas“"
"Naujosios Vilnios","Uosių Sodų 28-oji",,"s/b „Ąžuolas“"
"Naujosios Vilnios","Uosių Sodų 29-oji",,"s/b „Ąžuolas“"
"Naujosios Vilnios","Užkiemių",,"s/b „Mechanizatorius“"
"Naujosios Vilnios","Užkiemių Sodų 1-oji",,"s/b „Matininkas“"
"Naujosios Vilnios","Užtvankos",,
"Naujosios Vilnios","Ūlos",,
"Naujosios Vilnios","J. Urbšio",,
"Naujosios Vilnios",,,
"Naujosios Vilnios","Vaisių",,
"Naujosios Vilnios","Vaismedžių",,
"Naujosios Vilnios","Vaivos",,
"Naujosios Vilnios","Vandens",,
"Naujosios Vilnios","Varnionių",,
"Naujosios Vilnios","Vengrų",,
"Naujosios Vilnios","Verbų",,
"Naujosios Vilnios","Verbų skg.",,
"Naujosios Vilnios","Versmių",,
"Naujosios Vilnios","Viršupio",,
"Naujosios Vilnios","A. Valdemaro",,
"Naujosios Vilnios","Zavadskių",,
"Naujosios Vilnios","Žaliakalnio",,
"Naujosios Vilnios","Žaliakalnio Sodų 1-oji ",,"s/b „Sodininkas“"
"Naujosios Vilnios","Žaliakalnio Sodų 2-oji",,"s/b „Sodininkas“"
"Naujosios Vilnios","G. Žemkalnio",,
"Naujosios Vilnios","Žemoji",,
"Naujosios Vilnios","Žiedų",,
"Naujosios Vilnios","V. Žilėno",,
"Naujosios Vilnios","Žilvičių",,
"Naujosios Vilnios","P. Žižmario",,
"Naujosios Vilnios","Žodiškių",,
"Naujosios Vilnios","Žvirblių",,
"Panerių","Gairinės g.",,
"Panerių","Drūkšių g.",,
"Panerių","Agrastų g. ",,
"Panerių","Baltosios Vokės g.",,
"Panerių","Baravykų g.",,
"Panerių","Diemedžio g.",,
"Panerių","Juodšilių g.",,
"Panerių","Gariūnų g.",,
"Panerių","Bubliškių g.",,
"Panerių","Grinės g.",,
"Panerių","Maksimiliškių g.",,
"Panerių","Paneriškių g.",,
"Panerių","Galvės g.",,
"Panerių","Granito g.",,
"Panerių","V. A. Graičiūno g.",,
"Panerių","Kadugių g.",,
"Panerių","Kirtimų g.",,
"Panerių","Kibirkšties g.",,
"Panerių","Margirio g.",,
"Panerių","Miško g.",,
"Panerių","Moksleivių g.",,
"Panerių","Neskučių g.",,
"Panerių","Pagirio g.",,
"Panerių","Pašto g.",,
"Panerių","Vasarotojų g.",,
"Panerių","Vilijos g.",,
"Panerių","Jočionių g.","56-64, 57-63",
"Panerių","Zuikių g.","10, 20-26, 30, 31, 32, 33-51, 51A, 53-67, 54-62, 70",
"Panerių","Vaduvos g.","207-215, 215A, 217, 227-231, 241, 250A, 250B, 266, 268, 276",
"Panerių","Titnago g. ",,
"Panerių","Savanorių pr.",,
"Panerių","Dubliškių g.","56-68, 57-67",
"Panerių","Jono Rustamo g.",,
"Panerių","Ūmėdžių g.",,
"Panerių","Žarijų g.",,
"Panerių","Fermentų g.",,
"Panerių","Pirklių g.",,
"Panerių","Pietinė g.",,
"Panerių","Voverių g.",,
"Panerių","Gariūnų aklg.",,
"Panerių","Liepalingio g.",,
"Panerių","J. Tiškevičiaus g.",,
"Panerių","E. Andre g.",,
"Panerių","Trampolio g.",,
"Panerių","Žalioji a.",,
"Panerių","Sirpučių g.",,
"Panerių","Liepų al.",,
"Panerių","Gunkliškių g.",,
"Panerių","Artojų g.",,
"Panerių","Vanagiškių g.",,
"Panerių","Vilkiškės g.",,
"Panerių","Bražuolės g.",,
"Panerių","Sangrūdos g.",,
"Panerių","Akmenės g.",,
"Panerių","Tylioji g.",,
"Panerių","Gerosios Valios g.",,
"Panerių","Trumpoji g.",,
"Panerių","Girių g.",,
"Panerių","Eglyno g.",,
"Panerių","Dedeliškių g.",,
"Panerių","Gaidžiabūdės g.",,
"Panerių","Kiemeliškių g.",,
"Panerių","Lygainių g.",,
"Panerių","Trivyžos g.",,
"Panerių","Vaidegų g.",,
"Panerių","Vinkšnų g.",,
"Panerių","Zigmantiškių g.",,
"Panerių","Speigo g.",,
"Panerių","Vėsos g.",,
"Panerių","Degenių g.",,
"Panerių","Guobų g.",,
"Panerių","Naujasodžio g.",,
"Panerių","Kazbėjų g.",,
"Panerių","Metropolio g.",,
"Panerių","Avilių g.",,
"Panerių","Bičiulių g.",,
"Panerių","Daniliškių g.",,
"Panerių","Dobrovolės g.",,
"Panerių","Ražienų g.",,
"Panerių","L. Ivinskio g.",,
"Panerių","T. Zano g.",,
"Panerių","I. Masalskio g.",,
"Panerių","E. Pliaterytės g.",,
"Panerių","Plikakalnio g.",,
"Panerių","Vaidotų g.",,
"Panerių","Kiaunių g.",,
"Panerių","Strazdų g.",,
"Panerių","Jaunystės g.",,
"Panerių","Šernų g.",,
"Panerių","Kopūstėlių g.",,
"Panerių","Vėjo g.",,
"Panerių","Stirnų g.",,
"Panerių","Kunigiškių g.",,
"Panerių","Šarkytės g.",,
"Panerių","Apuokų g.",,
"Panerių","Kiaunių Alksnyno g.",,
"Panerių","Ežių g.",,
"Panerių","Lelijų g.",,
"Panerių","Degučių g.",,
"Panerių","Daubiškių g.",,
"Panerių","Sakų g.,",,
"Panerių","Drevininkų g.",,
"Panerių","Medkirčių g.",,
"Panerių","Urėdų g.",,
"Panerių","Juliškių g.",,
"Panerių","Kovarniškių g.",,
"Panerių","Daškūnų g.",,
"Panerių","Dubelės g.",,
"Panerių","Baldžiukų g.",,
"Panerių","Laukymės g.",,
"Panerių","Adolfo Jucio g.",,
"Panerių","Saidžiukų g.",,
"Panerių","Grigalaukio g.",,
"Panerių","I.Vaičiūnaitės g.",,
"Panerių","Šalnaitės g.",,
"Panerių","Kunigiškių g.",,
"Panerių","Valkų g.",,
"Panerių","Gurelių g.",,
"Panerių","Pilypinės g.",,
"Panerių","Pranapolio g.",,
"Panerių","Mačiuliškių g.",,
"Panerių","Gairinės g.",,
"Panerių","Svyruonės g.",,
"Panerių","Petešos g.",,
"Panerių","Ožiakalnio g.",,
"Panerių","Bališkių g.",,
"Panerių","Mūrinės g.",,
"Panerių","Vokės g.",,
"Panerių","J. Janonio g.",,
"Panerių","A. Makūnaitės g.",,
"Panerių","J. Švažo g.",,
"Panerių","E. Andriolio g.",,
"Panerių","A. Gudaičio g.",,
"Panerių","S. Krasausko g.",,
"Panerių","D. Tarabildienės g.",,
"Pašilaičių","Lentvario g.","75-135, 80-88 ",
"Pašilaičių","Maceliškių g.","240-400, 241-399",
"Pašilaičių","Laisvės pr. ","124-186, 125-185",
"Pašilaičių","Ukmergės g. ",,
"Pašilaičių","Justiniškių g. ",,
"Pašilaičių","Žemynos g.",,
"Pašilaičių","Gabijos g. ",,
"Pašilaičių","Medeinos g. ","41-105, 42-104",
"Pašilaičių","Pašilaičių g.  ","3, 9, 11, ",
"Pašilaičių","Gineitiškių g.   ","52-100, 53-101",
"Pašilaičių","Baltrušaičio g. ",,
"Pašilaičių","Vakarinė g. ",,
"Pašilaičių","Antežerių g., Tarandė",,
"Pašilaičių","Baluosių g.",,
"Pašilaičių","Benykštaičių g.",,
"Pašilaičių","Čimbariškių g.",,
"Pašilaičių","Dagiliškių g.",,
"Pašilaičių","Gailašių g.",,
"Pašilaičių","Gegliškių g.",,
"Pašilaičių","Graužupių g.",,
"Pašilaičių","Grikienių g.",,
"Pašilaičių","Karališkių  g.",,
"Pašilaičių","Kelmiškių  g.",,
"Pašilaičių","Kelpių g.",,
"Pašilaičių","Laidagalvių g.",,
"Pašilaičių","Lazdakiemio g.",,
"Pašilaičių","Masionių g.",,
"Pašilaičių","Pagrandos g.",,
"Pašilaičių","Pikutiškių g.",,
"Pašilaičių","Putiniškių g.",,
"Pašilaičių","Raisteniškių g.",,
"Pašilaičių","Raudonbalės  g.",,
"Pašilaičių","Ryliškių  g.",,
"Pašilaičių","Tauliškių  g.",,
"Pašilaičių","Tekliūnų  g.",,
"Pašilaičių","Žalesos  g.",,
"Pašilaičių","Tarandės g.",,
"Pašilaičių","Žirgupės g.",,
"Pašilaičių","Fridricho Gedkanto g.",,
"Pašilaičių","Jono Glaubico g.",,
"Pašilaičių","Juozo Kamarausko g.",,
"Pašilaičių","Jozefo Pusjė  g.",,
"Pašilaičių","Mykolo Šulco  g.",,
"Pašilaičių","Tomo Žebrausko  g.",,
"Pašilaičių","Juodelių g. ",,
"Pašilaičių","S. Lasavicko g.",,
"Pašilaičių","V. Smakausko g.",,
"Pašilaičių","Pavilnionių g. ",,
"Pašilaičių","Budiniškių g.",,
"Pašilaičių","Dociškių g.",,
"Pašilaičių","Gileikių g.",,
"Pašilaičių","Grigalaukio g.",,
"Pašilaičių","Pumpėnų g.",,
"Pašilaičių","Pušaloto g.",,
"Pašilaičių","Sviliškių g.",,
"Pašilaičių","Virbeliškių g.",,
"Pašilaičių","Bieliūnų g.",,
"Pašilaičių","Girulių g.",,
"Pašilaičių","Eitminų g.",,
"Pašilaičių","Leičių g. ",,
"Pašilaičių","Perkūnkiemio g.",,
"Pašilaičių","Edinburgo g.",,
"Pilaitės","Duisburgo g.",,
"Pilaitės","Zalcburgo al.",,
"Pilaitės","Aistmarių g.                                                ",,
"Pilaitės","Alnos g.                                             ",,
"Pilaitės","Angelavos g.                                                ",,
"Pilaitės","Antanerės g.                                               ",,
"Pilaitės","Auros g.                                                                                                         ",,
"Pilaitės","Balgos g.                                                                                                        ",,
"Pilaitės","Bitėnų g.                                                                                                             ",,
"Pilaitės","J.Bobrovskio g.                                                                                                  ",,
"Pilaitės","A.Brako g.                                                                                                       ",,
"Pilaitės","J.Bretkūno g.                                                                                                     ",,
"Pilaitės","Danės g.                                                                                                            ",,
"Pilaitės","Darkiemio g.                                                                                                     ",,
"Pilaitės","Deimenos g.                                                                                                       ",,
"Pilaitės","Eitkūnų g.                                            ",,
"Pilaitės","Čekoniškių g.                                                                                                            ",,
"Pilaitės","Gedupės g.                                                                                                    ",,
"Pilaitės","Geležių g.                                                                                                             ",,
"Pilaitės","Gilijos g.                                                                                                              ",,
"Pilaitės","Gilužio g.                                                                                                            ",,
"Pilaitės","Gumbinės g.                                                                                                         ",,
"Pilaitės","Įsruties g.                                                                                                        ",,
"Pilaitės","M.Jankaus g.                                                                                                                                    ",,
"Pilaitės","Juodkrantės g.                                                                                                       ",,
"Pilaitės","I.Kanto alėja                                                                                                        ",,
"Pilaitės","Karaliaučiaus g.                                                                                                    ",,
"Pilaitės","Karvaičių g.                                                                                                        ",,
"Pilaitės","Katyčių g.                                           ",,
"Pilaitės","Kavoliuko g.                                                  ",,
"Pilaitės","Kintų g.                                                                                                       ",,
"Pilaitės","Kriaučiūnų g.                                                                                                        ",,
"Pilaitės","Labguvos g.                                                                                                       ",,
"Pilaitės","M.Mažvydo g.                                                                                                    ",,
"Pilaitės","Mielkiemio g.                                             ",,
"Pilaitės","Mikytų g.                                                                                                    ",,
"Pilaitės","Nadruvos g.                                                                    ",,
"Pilaitės","Nidos g.                                                                                                          ",,
"Pilaitės","Padekaniškių g.                                                                                                  ",,
"Pilaitės","Pajautos g.                                                                                                       ",,
"Pilaitės","Pakarčių g.                                                                                                            ",,
"Pilaitės","Pakluonės g.                                                                                                            ",,
"Pilaitės","Palvininkų g.                                                                                                        ",,
"Pilaitės","Papilėnų g.                                                                                                        ",,
"Pilaitės","Pervalkos g.                                                                                                       ",,
"Pilaitės","Pilaitės prospektas                                                                                                  ",,
"Pilaitės","Piliakalnio g.                                                                                                         ",,
"Pilaitės","Piliavos g.                                              ",,
"Pilaitės","Platiniškių g.                                              ",,
"Pilaitės","Preilos g.                                            ",,
"Pilaitės","M.Pretorijaus g.                                          ",,
"Pilaitės","Priegliaus g.                                              ",,
"Pilaitės","Ragainės g.                                                ",,
"Pilaitės","Rambyno g.                                              ",,
"Pilaitės","S.Rapolionio g.                                               ",,
"Pilaitės","Rasytės g.                                              ",,
"Pilaitės","L.Rėzos alėja                                                 ",,
"Pilaitės","Rojaus g.                                               ",,
"Pilaitės","Rusnės g.                                                ",,
"Pilaitės","Rūdavos g.                                              ",,
"Pilaitės","Saldenės g.                                               ",,
"Pilaitės","Salotės g.                                                ",,
"Pilaitės","Senosios Pilaitės kelias                                  ",,
"Pilaitės","I.Simonaitytės g.                                                  ",,
"Pilaitės","Skirvytės g.                                             ",,
"Pilaitės","Smalinės g.                                           ",,
"Pilaitės","Sodų 1-oji g.                                                 ",,
"Pilaitės","Sodų 2-oji g.                                                 ",,
"Pilaitės","Sodų 3-oji g.                                               ",,
"Pilaitės","Sodų 4-oji g.                                               ",,
"Pilaitės","Sodų 5-oji g.                                                ",,
"Pilaitės","Sodų 6-oji g.                                                ",,
"Pilaitės","Sodų 7-oji g.                                                ",,
"Pilaitės","Sodų 8-oji g. ",,
"Pilaitės","Sodų 10-oji g.                                          ",,
"Pilaitės","Stalupėnų g.                                             ",,
"Pilaitės","Šarkuvos g.                                                ",,
"Pilaitės","Tarpučių g.                                                 ",,
"Pilaitės","Taurupės g.                                               ",,
"Pilaitės","Tepliavos g.                                             ",,
"Pilaitės","Tilžės g.                                                 ",,
"Pilaitės","Tolminkiemio g.                                                 ",,
"Pilaitės","Toravos g.                                             ",,
"Pilaitės","Trakėnų g.                                                 ",,
"Pilaitės","Tvenkinių g.                                            ",,
"Pilaitės","Valtarkiemio g.                                                ",,
"Pilaitės","Varnės g.                                           ",,
"Pilaitės","Ventės g.                                               ",,
"Pilaitės","Verdainės g.                                                ",,
"Pilaitės","Vėluvos g.                                              ",,
"Pilaitės","Vilkeliškių g.                                               ",,
"Pilaitės","Virbalio g.                                                 ",,
"Pilaitės","Vištyčio g.                                                ",,
"Pilaitės","Vydūno g.                                                  ",,
"Pilaitės","J.Zauerveino g.                                                 ",,
"Rasų ","Zujūnų g.                                                  ",,
"Rasų ","Žuvininkų g.                                                  ",,
"Rasų ","Aido g.",,
"Rasų ","Akūnės g.","9, 10-14, 15, 16-34 ",
"Rasų ","Balandžių g.",,
"Rasų ","Belmonto g.",,
"Rasų ","Belvederio g.",,
"Rasų ","Birbynių g.",,
"Rasų ","Dailidžių g.",,
"Rasų ","Dalgių g.","2-10000",
"Rasų ","Darbo g.",,
"Rasų ","Dilgynės g.",,
"Rasų ","Dirvonų g.",,
"Rasų ","Dobilų g.",,
"Rasų ","Dunojaus g.","64, 66",
"Rasų ","Drebulės g.","29-35, 36-82, 37-81, 83-99",
"Rasų ","Dzūkų g.",,
"Rasų ","Filaretų g.",,
"Rasų ","Gardino g.",,
"Rasų ","Gegužės g.","l-21, 2-18, 18/2  ",
"Rasų ","Geležinė g.",,
"Rasų ","Juodasis kelias",,
"Rasų ","Juodojo kelio sodų 1-oji","1-9999",
"Rasų ","Juodojo kelio sodų 2-oji",,
"Rasų ","Kalvos g.",,
"Rasų ","Kenos g.",,
"Rasų ","Krėvos g.","1-19; 19A; 19B, 2-10000",
"Rasų ","Kuprijoniškiu g.",,
"Rasų ","Liepkalnio g.",,
"Rasų ","Lyglaukio g.",,
"Rasų ","Markučių g.","(Neporinė pusė iki Filaretų g.), 1-45?",
"Rasų ","Medininkų g.","1-23, 2-22, 25-47",
"Rasų ","Mildos g.",,
"Rasų ","Minsko pl.","20, 24",
"Rasų ","Naručio g.","22-10000",
"Rasų ","Naujininkų g.",,
"Rasų ","Olandų g.",,
"Rasų ","Pakraščio g.","2, 4",
"Rasų ","Paplauj os g.",,
"Rasų ","Pavilnio g.","20, 22, 24, 57/2-9999",
"Rasų ","Peteliškių g.",,
"Rasų ","Pelesos g.",,
"Rasų ","Pipirų g.",,
"Rasų ","Pirčiupio g.",,
"Rasų ","Raguvos g.",,
"Rasų ","Ramybes g.         ","20-10000, 9-9999",
"Rasų ","Ramumų g.",,
"Rasų ","Rasų g.",,
"Rasų ","Ribiškių takas",,
"Rasų ","Ribiškių sodų 1-oji",,
"Rasų ","Ribiškių sodų 2-oji",,
"Rasų ","Ribiškių sodų 3-oji","26-10000, 29-9999",
"Rasų ","Ribiškių Didžioji g.",,
"Rasų ","Rudens g.",,
"Rasų ","Saulėgrąžų g.",,
"Rasų ","Sibiro g.",,
"Rasų ","Skudučių g.",,
"Rasų ","Slėnio g.",,
"Rasų ","Srovės g.",,
"Rasų ","Stadiono g.","1-13, 2-96 ",
"Rasų ","Stalių g.","64-10000, 65-9999",
"Rasų ","Stepono Batoro g.",,
"Rasų ","Subačiaus g.",,
"Rasų ","Sukilėlių g.","2-18, 19, 19B, 21",
"Rasų ","Šarkų g.",,
"Rasų ","Tyzenhauzų g.",,
"Rasų ","Turgelių g.",,
"Rasų ","Varšuvos g.",,
"Rasų ","Veiverių g.",,
"Rasų ","Verslo g.",,
"Rasų ","Vieversių g.","10-30, 11-29",
"Rasų ","Vilnelės g.",,
"Rasų ","P. Višinskio g.",,
"Senamiesčio","Aguonų g. ","2-10000",
"Senamiesčio","M. Antokolskio g.",,
"Senamiesčio","Arklių g.",,
"Senamiesčio","Arsenalo g.",,
"Senamiesčio","Ašmenos g.",,
"Senamiesčio","Augustijonų g.",,
"Senamiesčio","Aukštaičių g.",,
"Senamiesčio","Aušros Vartų g.",,
"Senamiesčio","Baltasis skg.",,
"Senamiesčio","Balstogės g.",,
"Senamiesčio","Barboros Radvilaitės g.",,
"Senamiesčio","J. Basanavičiaus g. ","2-14, 1-13",
"Senamiesčio","Bazilijonų g.",,
"Senamiesčio","Benediktinių g",,
"Senamiesčio","Bernardinų g.",,
"Senamiesčio","Bokšto g.",,
"Senamiesčio","Šv. Brunono Bonifaco g.",,
"Senamiesčio","M. Daukšos g.",,
"Senamiesčio","Didžioji g.",,
"Senamiesčio","Dysnos g.",,
"Senamiesčio","Dominikonų g.",,
"Senamiesčio","Dobužinskio g.",,
"Senamiesčio","Šv. Dvasios g.",,
"Senamiesčio","S. Daukanto aikštė",,
"Senamiesčio","Drujos g.",,
"Senamiesčio","Etmonų g.",,
"Senamiesčio","Filaretų g.","2-20, 1-25",
"Senamiesčio","Gaono g.",,
"Senamiesčio","Geležinkelio g. ","1-5,",
"Senamiesčio","Gedimino pr.","2-18, 1-11",
"Senamiesčio","Gėlių g.",,
"Senamiesčio","Gervėčių g.",,
"Senamiesčio","Šv. Ignoto g.",,
"Senamiesčio","Islandijos g.",,
"Senamiesčio","Išganytojo g.",,
"Senamiesčio","Jogailos g. ","2-10000",
"Senamiesčio","Šv. Jono g.",,
"Senamiesčio","K. Kalinausko g. ","2-10,",
"Senamiesčio","Karmelitų g.",,
"Senamiesčio","Kauno g. ","2-12, 1-3",
"Senamiesčio","Katedros aikštė",,
"Senamiesčio","Šv. Kazimiero g.",,
"Senamiesčio","Kėdainių g.",,
"Senamiesčio","Klaipėdos g.",,
"Senamiesčio","T. Kosciuškos g.",,
"Senamiesčio","Kreivasis skg.",,
"Senamiesčio","Kranto g.",,
"Senamiesčio","Krivių g.",,
"Senamiesčio","Krivulės g.",,
"Senamiesčio","Kruopų g.",,
"Senamiesčio","Kūdrų g.",,
"Senamiesčio","Labdarių g.",,
"Senamiesčio","Lapų g.",,
"Senamiesčio","Latako g.",,
"Senamiesčio","Ž. Liauksmino g.",,
"Senamiesčio","Liejyklos g.",,
"Senamiesčio","Ligoninės g.",,
"Senamiesčio","Literatų g.",,
"Senamiesčio","Lydos g.",,
"Senamiesčio","Maironio g.",,
"Senamiesčio","Malūnų g.",,
"Senamiesčio","Mielagėnų g.",,
"Senamiesčio","Mėsinių g.",,
"Senamiesčio","Šv. Mikalojaus g.",,
"Senamiesčio","Mindaugo g.","2-18, 36/12-42",
"Senamiesčio","Šv. Mykolo g.",,
"Senamiesčio","Naugarduko g. ","2-10,  1-7",
"Senamiesčio","Odminių g.",,
"Senamiesčio","Olandų g. ","1-9999",
"Senamiesčio","Palangos g.",,
"Senamiesčio","Pasažo skg.",,
"Senamiesčio","Paupio g.",,
"Senamiesčio","Pilies g.",,
"Senamiesčio","Plačioji g.",,
"Senamiesčio","Polocko g.",,
"Senamiesčio","Pranciškonų g.",,
"Senamiesčio","Punsko g.","1-9999,",
"Senamiesčio","Pylimo g. ","5-65, 2-10000",
"Senamiesčio","Radvilų g.",,
"Senamiesčio","Rasų g. ","1-9, 9A, 2-18",
"Senamiesčio","Raugyklos g.",,
"Senamiesčio","Rusų g.",,
"Senamiesčio","Rūdninkų g.",,
"Senamiesčio","Savičiaus g.",,
"Senamiesčio","Seinų g.","2-10000",
"Senamiesčio","K. Sirvydo g.",,
"Senamiesčio","S. Skapo g.",,
"Senamiesčio","Sluškų g.",,
"Senamiesčio","Sodų g. ","1-25,  2-14",
"Senamiesčio","Šv. Stepono g. ","2-38, 1-31",
"Senamiesčio","Stiklių g.",,
"Senamiesčio","A. Strazdelio g.",,
"Senamiesčio","L. Stuokos–Gucevičiaus g.",,
"Senamiesčio","Subačiaus g.","2-60, 1-49",
"Senamiesčio","Šaltinių g.","13-17, 22, 28A, 26-48",
"Senamiesčio","Šiaulių g.",,
"Senamiesčio","Šiltadaržio g.",,
"Senamiesčio","Šopeno g.",,
"Senamiesčio","K. Škirpos alėja",,
"Senamiesčio","Švarco g.",,
"Senamiesčio","Šventaragio g.",,
"Senamiesčio","Švenčionių g.",,
"Senamiesčio","Teatro g.",,
"Senamiesčio","Tilto g.",,
"Senamiesčio","Totorių g.",,
"Senamiesčio","Trakų g.",,
"Senamiesčio","Universiteto g.",,
"Senamiesčio","Užupio g.",,
"Senamiesčio","K. Vanagėlio g.",,
"Senamiesčio","S. Vainiūno g.",,
"Senamiesčio","Varpų g.",,
"Senamiesčio","Vilniaus g. ","15-47, 2-10000",
"Senamiesčio","Vingrių g.",,
"Senamiesčio","Visų Šventųjų g.",,
"Senamiesčio","Vitebsko g.",,
"Senamiesčio","P. Višinskio ","1-9999",
"Senamiesčio","Vokiečių g.",,
"Senamiesčio","A. Volano g.",,
"Senamiesčio","T. Vrublevskio g.",,
"Senamiesčio","Zarasų g. ","1-9999",
"Senamiesčio","Žemaitijos g.",,
"Senamiesčio","Žydų g.",,
"Senamiesčio","Žygimantų g.",,
"Senamiesčio","Žvirgždyno g.",,
"Senamiesčio","Žiupronių g.",,
"Šeškinės","Zarasų g.","1, 3-25,  4-30",
"Šeškinės","Žibuoklių g.","2, 2A, 5, 6, 8-12, 9-11, 12A, 12B, 13, 14, 15, 16, 19, 22, 26",
"Šeškinės","Anykščių g.","1-7, 2-8, 8A, 9, 9A, 10, 11, 12, 13, 15, 16, 17, 19-41, 45",
"Šeškinės","Buivydiškių g. ","1-29, 24, 26, 30, 32, 34",
"Šeškinės","Čiobiškio g. ","1, 2, 2A, 3, 4, 5, 6, 6A, 6B, 7, 7A, 8-30, 9, 11, 16A, 18, 18A, 34",
"Šeškinės","Deltuvos g.","1, 1A, 2-62, 3-61, 7A, 9A, 17A, 22A, 25A, 27A, 28A, 37A, 42A, 47A, 48A, 49A, 50A, 52A, 53A, 60A, 62A, 68, 70",
"Šeškinės","Dūkštų g.","47-73, 49A, 53A, 55A, 65A, 71A, 71B, 73A",
"Šeškinės","Gelvonų g.","1, 2-24, 4A, 5-9, 5A, 20A",
"Šeškinės","Laisvės pr.","20-32, 22A, 25, 28A, 30A, 30B, 37-41",
"Šeškinės","Musninkų g.","2, 2A, 3-7, 5A, 6-32, 6B, 22A, 28A",
"Šeškinės","Ozo g.","1-17, 9A",
"Šeškinės","Paberžės g.","1-31, 2-14, 22-30",
"Šeškinės","Paribio g. ","1-garažas",
"Šeškinės","Siesikų g.","1-21, 2-6, 3A, 22-32, 22A, 25, 28A, 29-35, 43-53, 45A, 45C, 49A, 51A, 55A, 59, 59A, 61A, 63-75, 65A, 69, 71A, 79",
"Šeškinės","Sudervės kelias ","123A, 125, 132-138, 135-139, 141, 142-146, 143, 149, 152, 156, 156A, 158, 163, 165, 173, 184, 184A, 186, 192-216, 192A, 196A, 202A, 212A, 220, 221, 224-236, 228A, 230, 234A",
"Šeškinės","Šeškinės g.","1-27, 2-30, 30A",
"Šeškinės","Ukmergės g.","2-8, 11-19, 14, 18-24, 28-32, 36-42,",
"Šeškinės","Upytės g.","1, 3, 5, 7, 9, 11, 13, 15, 17, 19",
"Šeškinės","Želvos g.",,
"Šeškinės","Paribio",,
"Šeškinės","Šeškinės sodų",,
"Šnipiškių","Šeškinės sodų 1-oji",,
"Šnipiškių","Šeškinės sodų 2-oji","43, 45",
"Šnipiškių","Alantos g.",,
"Šnipiškių","Apkasų g. ",,
"Šnipiškių","Ceikinių g.",,
"Šnipiškių","Daugėliškio g.",,
"Šnipiškių","Dubingių g.",,
"Šnipiškių","Durpių g.",,
"Šnipiškių","S.Fino g.","1-37, 37A, 39, 41A",
"Šnipiškių","Giedraičių g.",,
"Šnipiškių","Geležinio Vilko g. ","1-81, 2-200",
"Šnipiškių","A.Juozapavičiaus g.",,
"Šnipiškių","Kalvarijų g.",,
"Šnipiškių","Kaltanėnų g.",,
"Šnipiškių","Konstitucijos pr.",,
"Šnipiškių","Krokuvos g.",,
"Šnipiškių","Kernavės g.",,
"Šnipiškių","Linkmenų g.",,
"Šnipiškių","Lvovo g.",,
"Šnipiškių","Maišiagalos g.",,
"Šnipiškių","Manto g.","1-51",
"Šnipiškių","Molėtų g.",,
"Šnipiškių","Ozo g. ","2-10000",
"Šnipiškių","Ratnyčios g.",,
"Šnipiškių","Rinktinės g. ",,
"Šnipiškių","Rudnios g.",,
"Šnipiškių","Saracėnų g.",,
"Šnipiškių","Slucko g.","1-17, 12-28",
"Šnipiškių","Šatrijos g.",,
"Šnipiškių","Šeimyniškių g. ",,
"Šnipiškių","Šiaudinės g.",,
"Šnipiškių","Šilutės g.",,
"Šnipiškių","Širvintų g.",,
"Šnipiškių","Šnipiškių g.",,
"Šnipiškių","Tauragnų g.",,
"Šnipiškių","Trimitų g.",,
"Šnipiškių","Turgaus g.",,
"Šnipiškių","Upės g.",,
"Šnipiškių","Utenos g.","60-122, 115-137",
"Šnipiškių","Veprių g.",,
"Verkių","Žalgirio g. ",,
"Verkių","Žvejų g.",,
"Verkių","A.  R.  Niemio g.",,
"Verkių","A. Telyčėno g.",,
"Verkių","A.Mackaus g.",,
"Verkių","A.Šabaniausko g. ",,
"Verkių","Aitvarų g. ",,
"Verkių","Akademijos g.",,
"Verkių","Alko g.","1-15, 2-14",
"Verkių","Apynių g. ",,
"Verkių","Ateities g.",,
"Verkių","Aukuro g. ",,
"Verkių","Austėjos g. ",,
"Verkių","Aušrinės g. ",,
"Verkių","Aviečių g. ",,
"Verkių","Avietyno g.",,
"Verkių","Avižų g.",,
"Verkių","B. Vainos g.",,
"Verkių","B.Dvariono g. ",,
"Verkių","B.Krivicko g.",,
"Verkių","B.Steponaitienės g.",,
"Verkių","Babinių g. ",,
"Verkių","Babinių Sodų 21-oji g.",,
"Verkių","Babinių Sodų 22-oji g.",,
"Verkių","Babinių Sodų 23-oji g.",,
"Verkių","Babinių Sodų 25-oji g.",,
"Verkių","Babinių Sodų 26-oji g.",,
"Verkių","Babinių Sodų 27-oji g.",,
"Verkių","Babinių Sodų 28-oji g.",,
"Verkių","Babinių Sodų 1-oji g.",,
"Verkių","Babinių Sodų 2-oji g.",,
"Verkių","Babinių Sodų 3-oji g.",,
"Verkių","Babinių Sodų 4-oji g.",,
"Verkių","Babinių Sodų 5-oji g.",,
"Verkių","Babinių Sodų 6-oji g.",,
"Verkių","Babinių Sodų 7-oji g.",,
"Verkių","Babinių Sodų 8-oji g.",,
"Verkių","Babinių Sodų 9-oji g.",,
"Verkių","Babinių Sodų 10-oji g.",,
"Verkių","Babinių Sodų 11-oji g.",,
"Verkių","Babinių Sodų 12-oji g.",,
"Verkių","Babinių Sodų 13-oji g.",,
"Verkių","Babinių Sodų 14-oji g.",,
"Verkių","Babinių Sodų 15-oji g.",,
"Verkių","Babinių Sodų 16-oji g.",,
"Verkių","Babinių Sodų 17-oji g.",,
"Verkių","Babinių Sodų 18-oji g.",,
"Verkių","Babinių Sodų 19-oji g.",,
"Verkių","Bagutiškių g.",,
"Verkių","Bajorų kelias ",,
"Verkių","Bajorų kelio 1-oji g.",,
"Verkių","Bajorų kelio 2-oji g.",,
"Verkių","Bajorų kelio 4-oji g.",,
"Verkių","Bajorų Sodų g.",,
"Verkių","Bajorų Sodų  1-oji g.",,
"Verkių","Bajorų Sodų  2-oji g.",,
"Verkių","Bajorų Sodų  3-oji g.",,
"Verkių","Bajorų Sodų  4-oji g.",,
"Verkių","Bajorų Sodų  5-oji g.",,
"Verkių","Bajorų Sodų  6-oji g.",,
"Verkių","Bajorų Sodų  7-oji g.",,
"Verkių","Bajorų Sodų  8-oji g.",,
"Verkių","Bajorų Sodų  9-oji g.",,
"Verkių","Bajorų Sodų  10-oji g.",,
"Verkių","Bajorų Sodų  11-oji g.",,
"Verkių","Bajorų Sodų  12-oji g.",,
"Verkių","Bajorų Sodų  13-oji g.",,
"Verkių","Bajorų Sodų  14-oji g.",,
"Verkių","Bajorų Sodų  15-oji g.",,
"Verkių","Bajorų Sodų  16-oji g.",,
"Verkių","Bajorų Sodų  17-oji g.",,
"Verkių","Bajorų Sodų  18-oji g.",,
"Verkių","Bajorų Sodų  19-oji g.",,
"Verkių","Bajorų Sodų  20-oji g.",,
"Verkių","Bajorų Sodų  21-oji g.",,
"Verkių","Bajorų Sodų  22-oji g.",,
"Verkių","Bajorų Sodų  23-oji g.",,
"Verkių","Bajorų Sodų  24-oji g.",,
"Verkių","Bajorų Sodų  25-oji g.",,
"Verkių","Bajorų Sodų  26-oji g.",,
"Verkių","Bajorų Sodų  27-oji g.",,
"Verkių","Bajorų Sodų  28-oji g.",,
"Verkių","Bajorų Sodų  29-oji g.",,
"Verkių","Bajorų Sodų  30-oji g.",,
"Verkių","Bajorų Sodų  31-oji g.",,
"Verkių","Bajorų Sodų  32-oji g.",,
"Verkių","Bajorų Sodų  33-oji g.",,
"Verkių","Balsių g. ",,
"Verkių","Balsių Sodų 1-oji g.",,
"Verkių","Balsių Sodų 2-oji g.",,
"Verkių","Balsių Sodų 3-oji g.",,
"Verkių","Balsių Sodų 4-oji g.",,
"Verkių","Balsių Sodų 5-oji g.",,
"Verkių","Balsių Sodų 6-oji g.",,
"Verkių","Balsių Sodų 7-oji g.",,
"Verkių","Balsių Sodų 8-oji g.",,
"Verkių","Balsių Sodų 9-oji g.",,
"Verkių","Balsių Sodų 10-oji g.",,
"Verkių","Balsių Sodų 11-oji g.",,
"Verkių","Balsių Sodų 12-oji g.",,
"Verkių","Baltupio g.",,
"Verkių","Biochemikų g.",,
"Verkių","Birelių g. ",,
"Verkių","Birelių Sodų g.",,
"Verkių","Birelių Sodų 1-oji g.",,
"Verkių","Birelių Sodų 2-oji g.",,
"Verkių","Birelių Sodų 3-oji g.",,
"Verkių","Birelių Sodų 4-oji g.",,
"Verkių","Birelių Sodų 5-oji g.",,
"Verkių","Birelių Sodų 6-oji g.",,
"Verkių","Birelių Sodų 7-oji g.",,
"Verkių","Birelių Sodų 8-oji g.",,
"Verkių","Birelių Sodų 9-oji g.",,
"Verkių","Birelių Sodų 10-oji g.",,
"Verkių","Birelių Sodų 11-oji g.",,
"Verkių","Birelių Sodų 12-oji g.",,
"Verkių","Birelių Sodų 13-oji g.",,
"Verkių","Birelių Sodų 14-oji g.",,
"Verkių","Birelių Sodų 15-oji g.",,
"Verkių","Birelių Sodų 16-oji g.",,
"Verkių","Birelių Sodų 17-oji g.",,
"Verkių","Birelių Sodų 18-oji g.",,
"Verkių","Birelių Sodų 19-oji g.",,
"Verkių","Birelių Sodų 20-oji g.",,
"Verkių","Birelių Sodų 21-oji g.",,
"Verkių","Birelių Sodų 22-oji g.",,
"Verkių","Birelių Sodų 23-oji g.",,
"Verkių","Birelių Sodų 24-oji g.",,
"Verkių","Birelių Sodų 25-oji g.",,
"Verkių","Dausprungo g.",,
"Verkių","Dausų g. ",,
"Verkių","Didlaukio g.  ",,
"Verkių","Didžiųjų Gulbinų g.",,
"Verkių","Dundulio g. ",,
"Verkių","Dvariškių g. ",,
"Verkių","Dvaro g. ",,
"Verkių","E. Valavičiaus g.",,
"Verkių","Europos parko g. ",,
"Verkių","Fizikų g. ",,
"Verkių","Galuklonių g.",24,
"Verkių","Garšvėnų g.",,
"Verkių","Geležinio Vilko g. ",,
"Verkių","Girinio g. ",,
"Verkių","Grūšiakalnio g.",,
"Verkių","Gulbinėlių g.",,
"Verkių","Gulbinėlių Sodų 1-oji g. ",,
"Verkių","Gulbinų g.                                           ",,
"Verkių","H.Radausko g.",,
"Verkių","Išilginės  g. ",,
"Verkių","J. Balčikonio g.",,
"Verkių","J. Bialozoro g.",,
"Verkių","J. Lebedžio g.",,
"Verkių","J. Pikčilingio g.",,
"Verkių","J. Radvilos g.",,
"Verkių","J. Ralio g.",,
"Verkių","J.Degutytės g. ",,
"Verkių","J.Franko g.",,
"Verkių","J.Kazlausko g. ",,
"Verkių","J.Tallat-Kelpšos g.",,
"Verkių","Jauronių g. ",,
"Verkių","Jeruzalės g.",,
"Verkių","Jundos g.",,
"Verkių","Juozapiškių g. ",,
"Verkių","K. Borutos g.",,
"Verkių","K. Ulvydo g.","202-10000, 157-9999",
"Verkių","Kairiūkščio g.",,
"Verkių","Kalvarijų g.","157-335, 202-300",
"Verkių","Kalvarijų Sodų 1-oji g.",,
"Verkių","Kalvarijų Sodų 2-oji g.",,
"Verkių","Kalvarijų Sodų 3-oji g.",,
"Verkių","Kalvarijų Sodų 4-oji g.",,
"Verkių","Kalvarijų Sodų 5-oji g.",,
"Verkių","Kalvarijų Sodų 6-oji g.",,
"Verkių","Kalvarijų Sodų 7-oji g.",,
"Verkių","Kalvarijų Sodų 8-oji g.",,
"Verkių","Kalvarijų Sodų 9-oji g.",,
"Verkių","Kalvarijų Sodų 10-oji g.",,
"Verkių","Kalvarijų Sodų 11-oji g.",,
"Verkių","Kaukų g.",,
"Verkių","Kmitos g. ",,
"Verkių","Kolektyvo g.",,
"Verkių","Korių g. ",,
"Verkių","Krakiškių g. ",,
"Verkių","Krakiškių Sodų 1-oji g.",,
"Verkių","Krakiškių Sodų 2-oji g.",,
"Verkių","Krakiškių Sodų 3-oji g.",,
"Verkių","Krakiškių Sodų 4-oji g.",,
"Verkių","Krakiškių Sodų 5-oji g.",,
"Verkių","Krakiškių Sodų 6-oji g.",,
"Verkių","Krakiškių Sodų 7-oji g.",,
"Verkių","Krakiškių Sodų 8-oji g.",,
"Verkių","Krakiškių Sodų 9-oji g.",,
"Verkių","Krakiškių Sodų 10-oji g.",,
"Verkių","Krakiškių Sodų 11-oji g.",,
"Verkių","Krakiškių Sodų 12-oji g.",,
"Verkių","Krakiškių Sodų 13-oji g.",,
"Verkių","Krakiškių Sodų 14-oji g.",,
"Verkių","Krakiškių Sodų 15-oji g.",,
"Verkių","Krakiškių Sodų 16-oji g.",,
"Verkių","Krakiškių Sodų 17-oji g.",,
"Verkių","Krakiškių Sodų 18-oji g.",,
"Verkių","Krakiškių Sodų 19-oji g.",,
"Verkių","Krakiškių Sodų 20-oji g.",,
"Verkių","Krakiškių Sodų 21-oji g.",,
"Verkių","Kremplių g. ",,
"Verkių","Kryžiokų g.",,
"Verkių","Kryžiokų Sodų 1-oji g.",,
"Verkių","Kryžiokų Sodų 2-oji g.",,
"Verkių","Kryžiokų Sodų 3-oji g.",,
"Verkių","Kryžiokų Sodų 4-oji g.",,
"Verkių","Kryžiokų Sodų 5-oji g.",,
"Verkių","Kryžiokų Sodų 6-oji g.",,
"Verkių","Kryžiokų Sodų 7-oji g.",,
"Verkių","Kryžiokų Sodų 8-oji g.",,
"Verkių","Kryžiokų Sodų 9-oji g.",,
"Verkių","Kryžiokų Sodų 10-oji g.",,
"Verkių","Kryžiokų Sodų 11-oji g.",,
"Verkių","Kryžiokų Sodų 12-oji g.",,
"Verkių","Kryžiokų Sodų 13-oji g.",,
"Verkių","Krutulio g.",,
"Verkių","Kurklių g. ",,
"Verkių","Kviečių g.",,
"Verkių","Laimos g.",,
"Verkių","Laukelių g.",,
"Verkių","Lauksargio g. ",,
"Verkių","Laumių g.",,
"Verkių","Lydimėlių g.",,
"Verkių","Lobio g.",,
"Verkių","M.Bukšos g.",,
"Verkių","M. Horodničienės g. ",,
"Verkių","M. Indriliūno g.",,
"Verkių","M. Marcinkevičiaus g.",,
"Verkių","Maumedžių g.",,
"Verkių","Miežių g.",,
"Verkių","M. Lietuvio g.",,
"Verkių","Mokyklos g.",,
"Verkių","Mokslininkų g.",,
"Verkių","Molėtų plentas ",,
"Verkių","Naujakiemio g.",,
"Verkių","Naujanerių g.",,
"Verkių","Naujanerių Sodų 1-oji g.",,
"Verkių","Naujanerių Sodų 2-oji g.",,
"Verkių","Naujanerių Sodų 3-oji g.",,
"Verkių","Naujanerių Sodų 4-oji g.",,
"Verkių","Naujanerių Sodų 5-oji g.",,
"Verkių","Naujanerių Sodų 6-oji g.",,
"Verkių","Naujanerių Sodų 7-oji g.",,
"Verkių","Naujanerių Sodų 8-oji g.",,
"Verkių","Netimero g.",,
"Verkių","Nolonių g.",,
"Verkių","Noragiškių g. ",,
"Verkių","Numėjos g.",,
"Verkių","O. Miciūtės g.","2-18, 18A",
"Verkių","Obelų g.",,
"Verkių","Ozo g.",,
"Verkių","Ožkinių Sodų 1-oji g.",,
"Verkių","Ožkinių Sodų 2-oji g.",,
"Verkių","Ožkinių Sodų 3-oji g.",,
"Verkių","Ožkinių Sodų 4-oji g.",,
"Verkių","Ožkinių Sodų 5-oji g.",,
"Verkių","Ožkinių Sodų 6-oji g.",,
"Verkių","Ožkinių Sodų 7-oji g.",,
"Verkių","Ožkinių Sodų 8-oji g.",,
"Verkių","Ožkinių Sodų 9-oji g.",,
"Verkių","Ožkinių Sodų 10-oji g.",,
"Verkių","Ožkinių Sodų 11-oji g.",,
"Verkių","Ožkinių Sodų 12-oji g.",,
"Verkių","Ožkinių Sodų 13-oji g.",,
"Verkių","Ožkinių Sodų 14-oji g.",,
"Verkių","Pijų g.",,
"Verkių","Pilnaties g.",,
"Verkių","Popieriaus g.",,
"Verkių","Prašiškių g.",,
"Verkių","Pukuvero g.",,
"Verkių","Pušyno kelias                                        ",,
"Verkių","Ragės g.",,
"Verkių","Ragučio g. ",,
"Verkių","Raudonės g. ",,
"Verkių","Riešės g.",,
"Verkių","Romuvos g.",,
"Verkių","Rugių g.",,
"Verkių","Sakališkių g. ",,
"Verkių","Santariškių g.",,
"Verkių","Senolių g.",,
"Verkių","Skersinės g.",,
"Verkių","Skersinės Sodų 1-oji g.",,
"Verkių","Skersinės Sodų 2-oji g.",,
"Verkių","Skersinės Sodų 3-oji g.",,
"Verkių","Skersinės Sodų 4-oji g.",,
"Verkių","Skersinės Sodų 5-oji g.",,
"Verkių","Skersinės Sodų 6-oji g.",,
"Verkių","Skersinės Sodų 7-oji g.",,
"Verkių","Skersinės Sodų 8-oji g.",,
"Verkių","Skersinės Sodų 9-oji g.",,
"Verkių","Stalioriškių g.",,
"Verkių","Stomiškių g.",,
"Verkių","Šaulio g.",,
"Verkių","Šiukštulių g. ",,
"Verkių","Trinapolio g.",,
"Verkių","Ugnies g.",,
"Verkių","Užpalių g. ",,
"Verkių","V. Daunio g. ",,
"Verkių","V. Gerulaičio g.",,
"Verkių","V. Protasevičiaus g.",,
"Verkių","V.Drėmos g. ",,
"Verkių","V.Kuzmos g.",,
"Verkių","V.Mačernio g.",,
"Verkių","Vaidevučio g.",,
"Verkių","Vanaginės Sodų 1-oji g.",,
"Verkių","Vanaginės Sodų 2-oji g.",,
"Verkių","Vanaginės Sodų 3-oji g.",,
"Verkių","Vanaginės Sodų 4-oji g.","51-9999, 62-10000 ",
"Verkių","Vanaginės Sodų 5-oji g.",,
"Verkių","Verkių g.","51-331, 62-272",
"Verkių","Verkių Riešės g.",,
"Verkių","Verkių Sodų 1-oji g.",,
"Verkių","Verkių Sodų 2-oji g.",,
"Verkių","Verkių Sodų 3-oji g.",,
"Verkių","Verkių Sodų 4-oji g.",,
"Verkių","Verkių Sodų 5-oji g.",,
"Verkių","Vilkynės g.",,
"Verkių","Vindaubos g.","1-35, 49-9999, 32-10000",
"Verkių","Visalaukio g.",,
"Verkių","Visorių g.","5-29, 35, 47-61, 36A-100",
"Verkių","Visorių Sodų g.",,
"Verkių","Visorių Sodų g.",,
"Verkių","Visorių Sodų 1-oji g.",,
"Verkių","Visorių Sodų 2-oji g.",,
"Verkių","Visorių Sodų 3-oji g.",,
"Verkių","Visorių Sodų 4-oji g.",,
"Verkių","Visorių Sodų 5-oji g.",,
"Verkių","Visorių Sodų 6-oji g.",,
"Verkių","Visorių Sodų 7-oji g.",,
"Verkių","Visorių Sodų 8-oji g.",,
"Verkių","Visorių Sodų 9-oji g.",,
"Verkių","Visorių Sodų 10-oji g.",,
"Verkių","Visorių Sodų 11-oji g.",,
"Verkių","Visorių Sodų 12-oji g.",,
"Verkių","Visorių Sodų 13-oji g.",,
"Verkių","Visorių Sodų 14-oji g.",,
"Verkių","Visorių Sodų 15-oji g.",,
"Verkių","Visorių Sodų 18-oji g.",,
"Verkių","Visorių Sodų 19-oji g.",,
"Verkių","Visorių Sodų 20-oji g.",,
"Verkių","Visorių Sodų 21-oji g.",,
"Verkių","Visorių Sodų 22-oji g.",,
"Verkių","Visorių Sodų 23-oji g.",,
"Verkių","Vyskupo Andriaus g.",,
"Verkių","Zebedeno g.",,
"Verkių","Žalčių g.",,
"Verkių","Žaliųjų Ežerų g.",,
"Verkių","Želmenų g. ",,
"Verkių","Žemėpačio g.",,
"Verkių","Žemuogių g. ",,
"Verkių","Žilvino g.",,
"Vilkpėdės","Živinbudo g.",,
"Vilkpėdės","Žynių g.",,
"Vilkpėdės","M. K. Čiurlionio g.",,
"Vilkpėdės","Elektrinės  g.",,
"Vilkpėdės","Eglių g.",,
"Vilkpėdės","Eigulių g.","2- 6, 6B, 3-27",
"Vilkpėdės","Gerosios Vilties g.",,
"Vilkpėdės","Geležinio Vilko g.",,
"Vilkpėdės","Giedrioji g.",,
"Vilkpėdės","Giraitės g.","8, 9, 10",
"Vilkpėdės","Jankiškių g.","24-34, 34B ",
"Vilkpėdės","Klevų g.","1, 2",
"Vilkpėdės","S. Konarskio g.",,
"Vilkpėdės","Laisvės pr. g.","57-9999",
"Vilkpėdės","Liepsnos g.",,
"Vilkpėdės","Naugarduko g.","57-9999, 62-10000",
"Vilkpėdės","Pakalniškių g.","2-10000",
"Vilkpėdės","Panerių g.","1-9999, 2-64, 74-10000",
"Vilkpėdės","V. Pietario g.",,
"Vilkpėdės","Riovonių g.",,
"Vilkpėdės","Sausupio g.","19-221, 32-262",
"Vilkpėdės","Skroblų g.",,
"Vilkpėdės","Savanorių pr.","8-12, 1-19",
"Vilkpėdės","Šaltupio g.","1-9999, 2-54, 58, 70-10000",
"Vilkpėdės","Titnago g.",,
"Vilkpėdės","Ūmėdžių g.","2-60, 1-59, 63-9999, 64-10000",
"Vilkpėdės","Vandentiekio g.","15, 17, 21, 25, 28, 32, 40, 42A, 48",
"Vilkpėdės","Vaduvos g.",,
"Vilkpėdės","Valkininkų g.","1-9999",
"Vilkpėdės","Vilkpėdės g.","1-9999",
"Vilkpėdės","Zietelos g.",,
"Vilkpėdės","Žemaitės g.",,
"Viršuliškių","Šlaito g.","3-11, 4-10",
"Viršuliškių","Tūkstantmečio g.","43A, 43B, 43C, 43D, 43E,  45A, 45B, 53, 58, 60, 62",
"Viršuliškių","J. Matulaičio a. ",28,
"Viršuliškių","Laisvės pr. ","6-10, 11, 11A, 12-28, 28A, 13-23, 23A, 25-29, 30, 31, 32A, 33, 33A, 34, 36, 40, 35-41, 41A, 42, 49, 49A, 51-59, 59A, 61-75, 75A, 75B, 77-95, 95A, 95B, 97, 97A, 99, 101",
"Viršuliškių","Sudervės kelias ","48-78, 80, 79-83, 83A, 85-89, 90, 91, 92, 93, 97A",
"Viršuliškių","Viršuliškių g. ","11, 13",
"Viršuliškių","Viršuliškių skg. ","12, 14, 14A, 14B, 27-33, 33A, 35, 37, 37A, 39-79",
"Viršuliškių","Viršilų g. ","2, 3-23, 23A, 25-29",
"Viršuliškių","Justiniškių g. ","1-9, 9A, 11-19",
"Viršuliškių","Tujų g. ",3,
"Viršuliškių","Ozo g. ","5, 7, 9 ",
"Viršuliškių","Č. Sugiharos g. ",,
"Viršuliškių","Ąžuolyno g. ",,
"Viršuliškių","Pilaitės pr. ","2, 6, 10",
"Viršuliškių","Pilaitės g. ",,
"Žirmūnų","Rygos g. ",,
"Žirmūnų","T. Narbuto g. ",,
"Žirmūnų","K. Ladygos g. ","1, 16-20A, 17-49, 26-36",
"Žirmūnų"," S. Žukausko g.","1-3, 4-4B",
"Žirmūnų","Žygio g.   ",,
"Žirmūnų","J. Kubiliaus g. ","1-3, 2-4.",
"Žirmūnų"," J. Galvydžio g.  ","1-5, 5A, 7,  9, 13-25, 25B, 14-30, 30A, 37-47",
"Žirmūnų","V. Nagevičiaus g. ","2-12A, 3-5, 7-35",
"Žirmūnų","Verkių g.  ","85-153",
"Žirmūnų","Apkasų g. ",,
"Žirmūnų","Kalvarijų g. ","1-9999",
"Žirmūnų","Kazliškių g. ",,
"Žirmūnų"," Lakūnų g.  ","1-9, 2-8, 8C, 10-36, 11-17, 38-56",
"Žirmūnų","P. Lukšio g. ",,
"Žirmūnų","Minties g. ","3, 7-31, 33-53 ",
"Žirmūnų","Raitininkų g. ","30-42, 42A, 21D",
"Žirmūnų","Rinktinės g.","27-39, 72-82A",
"Žirmūnų","Šeimyniškių g. ","1-7, 7A, 2-26, 28, 9-41, 30-36, 36A, 38-40, 44-66",
"Žirmūnų","Trimitų g.  ","1-11,6 ,12, 16-18",
"Žirmūnų","Tuskulėnų g. ","93-101",
"Žirmūnų","Kareivių g. ","4-32, 32D, 32-54, 1-49, 51-87, 56-86, 88-106,112-136, 129-139, 139A, 141-147, 149",
"Žirmūnų","Žalgirio g.","2-10000",
"Žirmūnų","Žirmūnų g.  ",,
"Žirmūnų","Žvalgų g.",,
"Žirmūnų","Olimpiečių g.",,
"Žirmūnų","Sporto g. ",,
"Žirmūnų"," Neries g.",,
"Žirmūnų","I. Katkaus g.  ",,
"Žirmūnų"," J. Treinio g. ",,
"Žvėryno","Ulonų g.",,
"Žvėryno","Manto g.",,
"Žvėryno","Bebrų g.",,
"Žvėryno","Birutės g.",,
"Žvėryno","Blindžių g.",,
"Žvėryno","Elnių g.",,
"Žvėryno","Gervių g.",,
"Žvėryno","Gulbių g.",,
"Žvėryno","Karaimų g.",,
"Žvėryno","Kęstučio g.",,
"Žvėryno","J. I. Kraševskio g.",,
"Žvėryno","Traidenio g.",,
"Žvėryno","Latgalių g.",,
"Žvėryno","Latvių g.",,
"Žvėryno","Lenktoji g.",,
"Žvėryno","Liepynų g.",,
"Žvėryno","Liubarto  g.",,
"Žvėryno","Lokių  g.",,
"Žvėryno","Lūšių  g.",,
"Žvėryno","Malonioji  g.",,
"Žvėryno","A. Mickevičiaus  g.",,
"Žvėryno","Miglos g.","2-10000, 23-53, 53A, ",
"Žvėryno","S. Moniuškos g.",,
"Žvėryno","Paribio g. ",,
"Žvėryno","D. Poškos g. ",,
"Žvėryno","Pušų g. ",,
"Žvėryno","Sakalų g. ",,
"Žvėryno","Saltoniškių",,
"Žvėryno","Sėlių g. ",,
"Žvėryno","Studentų g. ",,
"Žvėryno","Stirnų g. ",,
"Žvėryno","Stumbrų g.  ","120-128",
"Žvėryno","Treniotos g. ",,
"Žvėryno","Ukmergės g. ",,
"Žvėryno","Vykinto g. ",,
"Žvėryno","Vytauto g. ",,
"Žvėryno","Žalioji g. ","18A",
"Žvėryno","Žemgalių g. ","2, 21",
"Žvėryno","Geležinio vilko  g. ",,
"Žvėryno","Upės  g. ",,
"Žvėryno","T. Narbuto  g. ",,
"Žvėryno","Pieninės g. ",,
