id,country,county,municipality,civilparish,city,citygenitive,street
1,LIETUVOS RESPUBLIKA,Klaipėdos apskritis,Klaipėdos miesto savivaldybė,,Klaipėda,Klaipėdos miestas,Agluonos gatvė
2,LIETUVOS RESPUBLIKA,Klaipėdos apskritis,Klaipėdos miesto savivaldybė,,Klaipėda,Klaipėdos miestas,Aguonų gatvė
3,LIETUVOS RESPUBLIKA,Klaipėdos apskritis,Klaipėdos miesto savivaldybė,,Klaipėda,Klaipėdos miestas,Ajerų gatvė
4,LIETUVOS RESPUBLIKA,Klaipėdos apskritis,Klaipėdos miesto savivaldybė,,Klaipėda,Klaipėdos miestas,Akmenų gatvė
5,LIETUVOS RESPUBLIKA,Klaipėdos apskritis,Klaipėdos miesto savivaldybė,,Klaipėda,Klaipėdos miestas,Alksnynės gatvė
6,LIETUVOS RESPUBLIKA,Klaipėdos apskritis,Klaipėdos miesto savivaldybė,,Klaipėda,Klaipėdos miestas,Alytaus gatvė
7,LIETUVOS RESPUBLIKA,Klaipėdos apskritis,Klaipėdos miesto savivaldybė,,Klaipėda,Klaipėdos miestas,Alyvų gatvė
8,LIETUVOS RESPUBLIKA,Klaipėdos apskritis,Klaipėdos miesto savivaldybė,,Klaipėda,Klaipėdos miestas,Antrosios Melnragės gatvė
9,LIETUVOS RESPUBLIKA,Klaipėdos apskritis,Klaipėdos miesto savivaldybė,,Klaipėda,Klaipėdos miestas,Anykščių gatvė
10,LIETUVOS RESPUBLIKA,Klaipėdos apskritis,Klaipėdos miesto savivaldybė,,Klaipėda,Klaipėdos miestas,Apynių gatvė
11,LIETUVOS RESPUBLIKA,Klaipėdos apskritis,Klaipėdos miesto savivaldybė,,Klaipėda,Klaipėdos miestas,Arimų gatvė
12,LIETUVOS RESPUBLIKA,Klaipėdos apskritis,Klaipėdos miesto savivaldybė,,Klaipėda,Klaipėdos miestas,Artojo gatvė
13,LIETUVOS RESPUBLIKA,Klaipėdos apskritis,Klaipėdos miesto savivaldybė,,Klaipėda,Klaipėdos miestas,Atgimimo aikštė
14,LIETUVOS RESPUBLIKA,Klaipėdos apskritis,Klaipėdos miesto savivaldybė,,Klaipėda,Klaipėdos miestas,Audros gatvė
15,LIETUVOS RESPUBLIKA,Klaipėdos apskritis,Klaipėdos miesto savivaldybė,,Klaipėda,Klaipėdos miestas,Audėjų gatvė
16,LIETUVOS RESPUBLIKA,Klaipėdos apskritis,Klaipėdos miesto savivaldybė,,Klaipėda,Klaipėdos miestas,Aukštaičių gatvė
17,LIETUVOS RESPUBLIKA,Klaipėdos apskritis,Klaipėdos miesto savivaldybė,,Klaipėda,Klaipėdos miestas,Aukštoji gatvė
18,LIETUVOS RESPUBLIKA,Klaipėdos apskritis,Klaipėdos miesto savivaldybė,,Klaipėda,Klaipėdos miestas,Austėjos gatvė
19,LIETUVOS RESPUBLIKA,Klaipėdos apskritis,Klaipėdos miesto savivaldybė,,Klaipėda,Klaipėdos miestas,Aušrinės gatvė
20,LIETUVOS RESPUBLIKA,Klaipėdos apskritis,Klaipėdos miesto savivaldybė,,Klaipėda,Klaipėdos miestas,Aušros gatvė
21,LIETUVOS RESPUBLIKA,Klaipėdos apskritis,Klaipėdos miesto savivaldybė,,Klaipėda,Klaipėdos miestas,Balandžių gatvė
22,LIETUVOS RESPUBLIKA,Klaipėdos apskritis,Klaipėdos miesto savivaldybė,,Klaipėda,Klaipėdos miestas,Baltijos 1-oji gatvė
23,LIETUVOS RESPUBLIKA,Klaipėdos apskritis,Klaipėdos miesto savivaldybė,,Klaipėda,Klaipėdos miestas,Baltijos 10-oji gatvė
24,LIETUVOS RESPUBLIKA,Klaipėdos apskritis,Klaipėdos miesto savivaldybė,,Klaipėda,Klaipėdos miestas,Baltijos 11-oji gatvė
25,LIETUVOS RESPUBLIKA,Klaipėdos apskritis,Klaipėdos miesto savivaldybė,,Klaipėda,Klaipėdos miestas,Baltijos 12-oji gatvė
26,LIETUVOS RESPUBLIKA,Klaipėdos apskritis,Klaipėdos miesto savivaldybė,,Klaipėda,Klaipėdos miestas,Baltijos 13-oji gatvė
27,LIETUVOS RESPUBLIKA,Klaipėdos apskritis,Klaipėdos miesto savivaldybė,,Klaipėda,Klaipėdos miestas,Baltijos 14-oji gatvė
28,LIETUVOS RESPUBLIKA,Klaipėdos apskritis,Klaipėdos miesto savivaldybė,,Klaipėda,Klaipėdos miestas,Baltijos 2-oji gatvė
29,LIETUVOS RESPUBLIKA,Klaipėdos apskritis,Klaipėdos miesto savivaldybė,,Klaipėda,Klaipėdos miestas,Baltijos 3-oji gatvė
30,LIETUVOS RESPUBLIKA,Klaipėdos apskritis,Klaipėdos miesto savivaldybė,,Klaipėda,Klaipėdos miestas,Baltijos 4-oji gatvė
31,LIETUVOS RESPUBLIKA,Klaipėdos apskritis,Klaipėdos miesto savivaldybė,,Klaipėda,Klaipėdos miestas,Baltijos 5-oji gatvė
32,LIETUVOS RESPUBLIKA,Klaipėdos apskritis,Klaipėdos miesto savivaldybė,,Klaipėda,Klaipėdos miestas,Baltijos 6-oji gatvė
33,LIETUVOS RESPUBLIKA,Klaipėdos apskritis,Klaipėdos miesto savivaldybė,,Klaipėda,Klaipėdos miestas,Baltijos 7-oji gatvė
34,LIETUVOS RESPUBLIKA,Klaipėdos apskritis,Klaipėdos miesto savivaldybė,,Klaipėda,Klaipėdos miestas,Baltijos 8-oji gatvė
35,LIETUVOS RESPUBLIKA,Klaipėdos apskritis,Klaipėdos miesto savivaldybė,,Klaipėda,Klaipėdos miestas,Baltijos 9-oji gatvė
36,LIETUVOS RESPUBLIKA,Klaipėdos apskritis,Klaipėdos miesto savivaldybė,,Klaipėda,Klaipėdos miestas,Baltijos prospektas
37,LIETUVOS RESPUBLIKA,Klaipėdos apskritis,Klaipėdos miesto savivaldybė,,Klaipėda,Klaipėdos miestas,Baltikalnio gatvė
38,LIETUVOS RESPUBLIKA,Klaipėdos apskritis,Klaipėdos miesto savivaldybė,,Klaipėda,Klaipėdos miestas,Bandužių gatvė
39,LIETUVOS RESPUBLIKA,Klaipėdos apskritis,Klaipėdos miesto savivaldybė,,Klaipėda,Klaipėdos miestas,Bangų gatvė
40,LIETUVOS RESPUBLIKA,Klaipėdos apskritis,Klaipėdos miesto savivaldybė,,Klaipėda,Klaipėdos miestas,Barškių gatvė
41,LIETUVOS RESPUBLIKA,Klaipėdos apskritis,Klaipėdos miesto savivaldybė,,Klaipėda,Klaipėdos miestas,Bastionų gatvė
42,LIETUVOS RESPUBLIKA,Klaipėdos apskritis,Klaipėdos miesto savivaldybė,,Klaipėda,Klaipėdos miestas,Bažnyčių gatvė
43,LIETUVOS RESPUBLIKA,Klaipėdos apskritis,Klaipėdos miesto savivaldybė,,Klaipėda,Klaipėdos miestas,Beržų gatvė
44,LIETUVOS RESPUBLIKA,Klaipėdos apskritis,Klaipėdos miesto savivaldybė,,Klaipėda,Klaipėdos miestas,Bijūnų gatvė
45,LIETUVOS RESPUBLIKA,Klaipėdos apskritis,Klaipėdos miesto savivaldybė,,Klaipėda,Klaipėdos miestas,Birutės gatvė
46,LIETUVOS RESPUBLIKA,Klaipėdos apskritis,Klaipėdos miesto savivaldybė,,Klaipėda,Klaipėdos miestas,Birštono gatvė
47,LIETUVOS RESPUBLIKA,Klaipėdos apskritis,Klaipėdos miesto savivaldybė,,Klaipėda,Klaipėdos miestas,Biržų gatvė
48,LIETUVOS RESPUBLIKA,Klaipėdos apskritis,Klaipėdos miesto savivaldybė,,Klaipėda,Klaipėdos miestas,Bičiulių gatvė
49,LIETUVOS RESPUBLIKA,Klaipėdos apskritis,Klaipėdos miesto savivaldybė,,Klaipėda,Klaipėdos miestas,Blušių gatvė
50,LIETUVOS RESPUBLIKA,Klaipėdos apskritis,Klaipėdos miesto savivaldybė,,Klaipėda,Klaipėdos miestas,Bokštų gatvė
51,LIETUVOS RESPUBLIKA,Klaipėdos apskritis,Klaipėdos miesto savivaldybė,,Klaipėda,Klaipėdos miestas,Brožynų gatvė
52,LIETUVOS RESPUBLIKA,Klaipėdos apskritis,Klaipėdos miesto savivaldybė,,Klaipėda,Klaipėdos miestas,Bružės gatvė
53,LIETUVOS RESPUBLIKA,Klaipėdos apskritis,Klaipėdos miesto savivaldybė,,Klaipėda,Klaipėdos miestas,Budelkiemio gatvė
54,LIETUVOS RESPUBLIKA,Klaipėdos apskritis,Klaipėdos miesto savivaldybė,,Klaipėda,Klaipėdos miestas,Burių gatvė
55,LIETUVOS RESPUBLIKA,Klaipėdos apskritis,Klaipėdos miesto savivaldybė,,Klaipėda,Klaipėdos miestas,Butkų Juzės gatvė
56,LIETUVOS RESPUBLIKA,Klaipėdos apskritis,Klaipėdos miesto savivaldybė,,Klaipėda,Klaipėdos miestas,Butsargių gatvė
57,LIETUVOS RESPUBLIKA,Klaipėdos apskritis,Klaipėdos miesto savivaldybė,,Klaipėda,Klaipėdos miestas,Dailidžių gatvė
58,LIETUVOS RESPUBLIKA,Klaipėdos apskritis,Klaipėdos miesto savivaldybė,,Klaipėda,Klaipėdos miestas,Dailės gatvė
59,LIETUVOS RESPUBLIKA,Klaipėdos apskritis,Klaipėdos miesto savivaldybė,,Klaipėda,Klaipėdos miestas,Danės gatvė
60,LIETUVOS RESPUBLIKA,Klaipėdos apskritis,Klaipėdos miesto savivaldybė,,Klaipėda,Klaipėdos miestas,Dariaus ir Girėno gatvė
61,LIETUVOS RESPUBLIKA,Klaipėdos apskritis,Klaipėdos miesto savivaldybė,,Klaipėda,Klaipėdos miestas,Darželio gatvė
62,LIETUVOS RESPUBLIKA,Klaipėdos apskritis,Klaipėdos miesto savivaldybė,,Klaipėda,Klaipėdos miestas,Daržų gatvė
63,LIETUVOS RESPUBLIKA,Klaipėdos apskritis,Klaipėdos miesto savivaldybė,,Klaipėda,Klaipėdos miestas,Daugulių gatvė
64,LIETUVOS RESPUBLIKA,Klaipėdos apskritis,Klaipėdos miesto savivaldybė,,Klaipėda,Klaipėdos miestas,Davilių gatvė
65,LIETUVOS RESPUBLIKA,Klaipėdos apskritis,Klaipėdos miesto savivaldybė,,Klaipėda,Klaipėdos miestas,Debesų gatvė
66,LIETUVOS RESPUBLIKA,Klaipėdos apskritis,Klaipėdos miesto savivaldybė,,Klaipėda,Klaipėdos miestas,Debreceno gatvė
67,LIETUVOS RESPUBLIKA,Klaipėdos apskritis,Klaipėdos miesto savivaldybė,,Klaipėda,Klaipėdos miestas,Deimės gatvė
68,LIETUVOS RESPUBLIKA,Klaipėdos apskritis,Klaipėdos miesto savivaldybė,,Klaipėda,Klaipėdos miestas,Dianos gatvė
69,LIETUVOS RESPUBLIKA,Klaipėdos apskritis,Klaipėdos miesto savivaldybė,,Klaipėda,Klaipėdos miestas,Didžioji Vandens gatvė
70,LIETUVOS RESPUBLIKA,Klaipėdos apskritis,Klaipėdos miesto savivaldybė,,Klaipėda,Klaipėdos miestas,Dienovidžio gatvė
71,LIETUVOS RESPUBLIKA,Klaipėdos apskritis,Klaipėdos miesto savivaldybė,,Klaipėda,Klaipėdos miestas,Dituvos gatvė
72,LIETUVOS RESPUBLIKA,Klaipėdos apskritis,Klaipėdos miesto savivaldybė,,Klaipėda,Klaipėdos miestas,Dobilo 1-oji gatvė
73,LIETUVOS RESPUBLIKA,Klaipėdos apskritis,Klaipėdos miesto savivaldybė,,Klaipėda,Klaipėdos miestas,Dobilo 2-oji gatvė
74,LIETUVOS RESPUBLIKA,Klaipėdos apskritis,Klaipėdos miesto savivaldybė,,Klaipėda,Klaipėdos miestas,Dragūnų gatvė
75,LIETUVOS RESPUBLIKA,Klaipėdos apskritis,Klaipėdos miesto savivaldybė,,Klaipėda,Klaipėdos miestas,Draugystės 1-oji gatvė
76,LIETUVOS RESPUBLIKA,Klaipėdos apskritis,Klaipėdos miesto savivaldybė,,Klaipėda,Klaipėdos miestas,Draugystės 2-oji gatvė
77,LIETUVOS RESPUBLIKA,Klaipėdos apskritis,Klaipėdos miesto savivaldybė,,Klaipėda,Klaipėdos miestas,Draugystės 3-ioji gatvė
78,LIETUVOS RESPUBLIKA,Klaipėdos apskritis,Klaipėdos miesto savivaldybė,,Klaipėda,Klaipėdos miestas,Drebulių gatvė
79,LIETUVOS RESPUBLIKA,Klaipėdos apskritis,Klaipėdos miesto savivaldybė,,Klaipėda,Klaipėdos miestas,Druskininkų gatvė
80,LIETUVOS RESPUBLIKA,Klaipėdos apskritis,Klaipėdos miesto savivaldybė,,Klaipėda,Klaipėdos miestas,Dubysos gatvė
81,LIETUVOS RESPUBLIKA,Klaipėdos apskritis,Klaipėdos miesto savivaldybė,,Klaipėda,Klaipėdos miestas,Dusetų gatvė
82,LIETUVOS RESPUBLIKA,Klaipėdos apskritis,Klaipėdos miesto savivaldybė,,Klaipėda,Klaipėdos miestas,Dvaro gatvė
83,LIETUVOS RESPUBLIKA,Klaipėdos apskritis,Klaipėdos miesto savivaldybė,,Klaipėda,Klaipėdos miestas,Dzūkų gatvė
84,LIETUVOS RESPUBLIKA,Klaipėdos apskritis,Klaipėdos miesto savivaldybė,,Klaipėda,Klaipėdos miestas,Eglių gatvė
85,LIETUVOS RESPUBLIKA,Klaipėdos apskritis,Klaipėdos miesto savivaldybė,,Klaipėda,Klaipėdos miestas,Erdmono Simonaičio gatvė
86,LIETUVOS RESPUBLIKA,Klaipėdos apskritis,Klaipėdos miesto savivaldybė,,Klaipėda,Klaipėdos miestas,Erškėtrožių gatvė
87,LIETUVOS RESPUBLIKA,Klaipėdos apskritis,Klaipėdos miesto savivaldybė,,Klaipėda,Klaipėdos miestas,Gabijos gatvė
88,LIETUVOS RESPUBLIKA,Klaipėdos apskritis,Klaipėdos miesto savivaldybė,,Klaipėda,Klaipėdos miestas,Galinio Pylimo gatvė
89,LIETUVOS RESPUBLIKA,Klaipėdos apskritis,Klaipėdos miesto savivaldybė,,Klaipėda,Klaipėdos miestas,Galinė gatvė
90,LIETUVOS RESPUBLIKA,Klaipėdos apskritis,Klaipėdos miesto savivaldybė,,Klaipėda,Klaipėdos miestas,Gamyklos gatvė
91,LIETUVOS RESPUBLIKA,Klaipėdos apskritis,Klaipėdos miesto savivaldybė,,Klaipėda,Klaipėdos miestas,Garažų gatvė
92,LIETUVOS RESPUBLIKA,Klaipėdos apskritis,Klaipėdos miesto savivaldybė,,Klaipėda,Klaipėdos miestas,Gedminų gatvė
93,LIETUVOS RESPUBLIKA,Klaipėdos apskritis,Klaipėdos miesto savivaldybė,,Klaipėda,Klaipėdos miestas,Gedviliškės gatvė
94,LIETUVOS RESPUBLIKA,Klaipėdos apskritis,Klaipėdos miesto savivaldybė,,Klaipėda,Klaipėdos miestas,Gegučių gatvė
95,LIETUVOS RESPUBLIKA,Klaipėdos apskritis,Klaipėdos miesto savivaldybė,,Klaipėda,Klaipėdos miestas,Gegužės gatvė
96,LIETUVOS RESPUBLIKA,Klaipėdos apskritis,Klaipėdos miesto savivaldybė,,Klaipėda,Klaipėdos miestas,Geležinkelio gatvė
97,LIETUVOS RESPUBLIKA,Klaipėdos apskritis,Klaipėdos miesto savivaldybė,,Klaipėda,Klaipėdos miestas,Geležinkelio sodybos gatvė
98,LIETUVOS RESPUBLIKA,Klaipėdos apskritis,Klaipėdos miesto savivaldybė,,Klaipėda,Klaipėdos miestas,Gerdaujos gatvė
99,LIETUVOS RESPUBLIKA,Klaipėdos apskritis,Klaipėdos miesto savivaldybė,,Klaipėda,Klaipėdos miestas,Gilijos gatvė
100,LIETUVOS RESPUBLIKA,Klaipėdos apskritis,Klaipėdos miesto savivaldybė,,Klaipėda,Klaipėdos miestas,Gilių gatvė
101,LIETUVOS RESPUBLIKA,Klaipėdos apskritis,Klaipėdos miesto savivaldybė,,Klaipėda,Klaipėdos miestas,Gintaro gatvė
102,LIETUVOS RESPUBLIKA,Klaipėdos apskritis,Klaipėdos miesto savivaldybė,,Klaipėda,Klaipėdos miestas,Giraitės gatvė
103,LIETUVOS RESPUBLIKA,Klaipėdos apskritis,Klaipėdos miesto savivaldybė,,Klaipėda,Klaipėdos miestas,Girininkijos gatvė
104,LIETUVOS RESPUBLIKA,Klaipėdos apskritis,Klaipėdos miesto savivaldybė,,Klaipėda,Klaipėdos miestas,Gluosnių gatvė
105,LIETUVOS RESPUBLIKA,Klaipėdos apskritis,Klaipėdos miesto savivaldybė,,Klaipėda,Klaipėdos miestas,Gluosnių skersgatvis
106,LIETUVOS RESPUBLIKA,Klaipėdos apskritis,Klaipėdos miesto savivaldybė,,Klaipėda,Klaipėdos miestas,Graumenės gatvė
107,LIETUVOS RESPUBLIKA,Klaipėdos apskritis,Klaipėdos miesto savivaldybė,,Klaipėda,Klaipėdos miestas,Griaustinio gatvė
108,LIETUVOS RESPUBLIKA,Klaipėdos apskritis,Klaipėdos miesto savivaldybė,,Klaipėda,Klaipėdos miestas,Griežupės gatvė
109,LIETUVOS RESPUBLIKA,Klaipėdos apskritis,Klaipėdos miesto savivaldybė,,Klaipėda,Klaipėdos miestas,Grįžgatvio gatvė
110,LIETUVOS RESPUBLIKA,Klaipėdos apskritis,Klaipėdos miesto savivaldybė,,Klaipėda,Klaipėdos miestas,Gubojų gatvė
111,LIETUVOS RESPUBLIKA,Klaipėdos apskritis,Klaipėdos miesto savivaldybė,,Klaipėda,Klaipėdos miestas,Gudobelių gatvė
112,LIETUVOS RESPUBLIKA,Klaipėdos apskritis,Klaipėdos miesto savivaldybė,,Klaipėda,Klaipėdos miestas,Gulbių gatvė
113,LIETUVOS RESPUBLIKA,Klaipėdos apskritis,Klaipėdos miesto savivaldybė,,Klaipėda,Klaipėdos miestas,Gėlių gatvė
114,LIETUVOS RESPUBLIKA,Klaipėdos apskritis,Klaipėdos miesto savivaldybė,,Klaipėda,Klaipėdos miestas,H. Manto gatvė
115,LIETUVOS RESPUBLIKA,Klaipėdos apskritis,Klaipėdos miesto savivaldybė,,Klaipėda,Klaipėdos miestas,I. Kanto gatvė
116,LIETUVOS RESPUBLIKA,Klaipėdos apskritis,Klaipėdos miesto savivaldybė,,Klaipėda,Klaipėdos miestas,I. Simonaitytės gatvė
117,LIETUVOS RESPUBLIKA,Klaipėdos apskritis,Klaipėdos miesto savivaldybė,,Klaipėda,Klaipėdos miestas,Inkaro 1-oji gatvė
118,LIETUVOS RESPUBLIKA,Klaipėdos apskritis,Klaipėdos miesto savivaldybė,,Klaipėda,Klaipėdos miestas,Inkaro 2-oji gatvė
119,LIETUVOS RESPUBLIKA,Klaipėdos apskritis,Klaipėdos miesto savivaldybė,,Klaipėda,Klaipėdos miestas,Inkaro 3-oji gatvė
120,LIETUVOS RESPUBLIKA,Klaipėdos apskritis,Klaipėdos miesto savivaldybė,,Klaipėda,Klaipėdos miestas,Inkaro skersgatvis
121,LIETUVOS RESPUBLIKA,Klaipėdos apskritis,Klaipėdos miesto savivaldybė,,Klaipėda,Klaipėdos miestas,Irklų gatvė
122,LIETUVOS RESPUBLIKA,Klaipėdos apskritis,Klaipėdos miesto savivaldybė,,Klaipėda,Klaipėdos miestas,J. Janonio gatvė
123,LIETUVOS RESPUBLIKA,Klaipėdos apskritis,Klaipėdos miesto savivaldybė,,Klaipėda,Klaipėdos miestas,J. Karoso gatvė
124,LIETUVOS RESPUBLIKA,Klaipėdos apskritis,Klaipėdos miesto savivaldybė,,Klaipėda,Klaipėdos miestas,J. Zauerveino gatvė
125,LIETUVOS RESPUBLIKA,Klaipėdos apskritis,Klaipėdos miesto savivaldybė,,Klaipėda,Klaipėdos miestas,J. Zembrickio gatvė
126,LIETUVOS RESPUBLIKA,Klaipėdos apskritis,Klaipėdos miesto savivaldybė,,Klaipėda,Klaipėdos miestas,Jachtų gatvė
127,LIETUVOS RESPUBLIKA,Klaipėdos apskritis,Klaipėdos miesto savivaldybė,,Klaipėda,Klaipėdos miestas,Jaunimo gatvė
128,LIETUVOS RESPUBLIKA,Klaipėdos apskritis,Klaipėdos miesto savivaldybė,,Klaipėda,Klaipėdos miestas,Jaunystės gatvė
129,LIETUVOS RESPUBLIKA,Klaipėdos apskritis,Klaipėdos miesto savivaldybė,,Klaipėda,Klaipėdos miestas,Jogučių gatvė
130,LIETUVOS RESPUBLIKA,Klaipėdos apskritis,Klaipėdos miesto savivaldybė,,Klaipėda,Klaipėdos miestas,Joniškės gatvė
131,LIETUVOS RESPUBLIKA,Klaipėdos apskritis,Klaipėdos miesto savivaldybė,,Klaipėda,Klaipėdos miestas,Jono gatvė
132,LIETUVOS RESPUBLIKA,Klaipėdos apskritis,Klaipėdos miesto savivaldybė,,Klaipėda,Klaipėdos miestas,Jotvingių gatvė
133,LIETUVOS RESPUBLIKA,Klaipėdos apskritis,Klaipėdos miesto savivaldybė,,Klaipėda,Klaipėdos miestas,Jungų gatvė
134,LIETUVOS RESPUBLIKA,Klaipėdos apskritis,Klaipėdos miesto savivaldybė,,Klaipėda,Klaipėdos miestas,Juodkrantės gatvė
135,LIETUVOS RESPUBLIKA,Klaipėdos apskritis,Klaipėdos miesto savivaldybė,,Klaipėda,Klaipėdos miestas,Jurbarko gatvė
136,LIETUVOS RESPUBLIKA,Klaipėdos apskritis,Klaipėdos miesto savivaldybė,,Klaipėda,Klaipėdos miestas,Jurginų gatvė
137,LIETUVOS RESPUBLIKA,Klaipėdos apskritis,Klaipėdos miesto savivaldybė,,Klaipėda,Klaipėdos miestas,Jurgio Plonaičio gatvė
138,LIETUVOS RESPUBLIKA,Klaipėdos apskritis,Klaipėdos miesto savivaldybė,,Klaipėda,Klaipėdos miestas,Jūratės gatvė
139,LIETUVOS RESPUBLIKA,Klaipėdos apskritis,Klaipėdos miesto savivaldybė,,Klaipėda,Klaipėdos miestas,Jūreivių gatvė
140,LIETUVOS RESPUBLIKA,Klaipėdos apskritis,Klaipėdos miesto savivaldybė,,Klaipėda,Klaipėdos miestas,Jūrininkų prospektas
141,LIETUVOS RESPUBLIKA,Klaipėdos apskritis,Klaipėdos miesto savivaldybė,,Klaipėda,Klaipėdos miestas,Jūros gatvė
142,LIETUVOS RESPUBLIKA,Klaipėdos apskritis,Klaipėdos miesto savivaldybė,,Klaipėda,Klaipėdos miestas,K. Donelaičio aikštė
143,LIETUVOS RESPUBLIKA,Klaipėdos apskritis,Klaipėdos miesto savivaldybė,,Klaipėda,Klaipėdos miestas,K. Donelaičio gatvė
144,LIETUVOS RESPUBLIKA,Klaipėdos apskritis,Klaipėdos miesto savivaldybė,,Klaipėda,Klaipėdos miestas,Kadagių gatvė
145,LIETUVOS RESPUBLIKA,Klaipėdos apskritis,Klaipėdos miesto savivaldybė,,Klaipėda,Klaipėdos miestas,Kairių gatvė
146,LIETUVOS RESPUBLIKA,Klaipėdos apskritis,Klaipėdos miesto savivaldybė,,Klaipėda,Klaipėdos miestas,Kalnupės gatvė
147,LIETUVOS RESPUBLIKA,Klaipėdos apskritis,Klaipėdos miesto savivaldybė,,Klaipėda,Klaipėdos miestas,Kalvių gatvė
148,LIETUVOS RESPUBLIKA,Klaipėdos apskritis,Klaipėdos miesto savivaldybė,,Klaipėda,Klaipėdos miestas,Kalvos gatvė
149,LIETUVOS RESPUBLIKA,Klaipėdos apskritis,Klaipėdos miesto savivaldybė,,Klaipėda,Klaipėdos miestas,Kapitonų gatvė
150,LIETUVOS RESPUBLIKA,Klaipėdos apskritis,Klaipėdos miesto savivaldybė,,Klaipėda,Klaipėdos miestas,Kapsų gatvė
151,LIETUVOS RESPUBLIKA,Klaipėdos apskritis,Klaipėdos miesto savivaldybė,,Klaipėda,Klaipėdos miestas,Kareivinių gatvė
152,LIETUVOS RESPUBLIKA,Klaipėdos apskritis,Klaipėdos miesto savivaldybė,,Klaipėda,Klaipėdos miestas,Karklų gatvė
153,LIETUVOS RESPUBLIKA,Klaipėdos apskritis,Klaipėdos miesto savivaldybė,,Klaipėda,Klaipėdos miestas,Karlskronos aikštė
154,LIETUVOS RESPUBLIKA,Klaipėdos apskritis,Klaipėdos miesto savivaldybė,,Klaipėda,Klaipėdos miestas,Karlskronos gatvė
155,LIETUVOS RESPUBLIKA,Klaipėdos apskritis,Klaipėdos miesto savivaldybė,,Klaipėda,Klaipėdos miestas,Kauno gatvė
156,LIETUVOS RESPUBLIKA,Klaipėdos apskritis,Klaipėdos miesto savivaldybė,,Klaipėda,Klaipėdos miestas,Kaštonų gatvė
157,LIETUVOS RESPUBLIKA,Klaipėdos apskritis,Klaipėdos miesto savivaldybė,,Klaipėda,Klaipėdos miestas,Kepėjų gatvė
158,LIETUVOS RESPUBLIKA,Klaipėdos apskritis,Klaipėdos miesto savivaldybė,,Klaipėda,Klaipėdos miestas,Kintų gatvė
159,LIETUVOS RESPUBLIKA,Klaipėdos apskritis,Klaipėdos miesto savivaldybė,,Klaipėda,Klaipėdos miestas,Klaipėdos gatvė
160,LIETUVOS RESPUBLIKA,Klaipėdos apskritis,Klaipėdos miesto savivaldybė,,Klaipėda,Klaipėdos miestas,Klemiškės gatvė
161,LIETUVOS RESPUBLIKA,Klaipėdos apskritis,Klaipėdos miesto savivaldybė,,Klaipėda,Klaipėdos miestas,Klevų gatvė
162,LIETUVOS RESPUBLIKA,Klaipėdos apskritis,Klaipėdos miesto savivaldybė,,Klaipėda,Klaipėdos miestas,Kombinato gatvė
163,LIETUVOS RESPUBLIKA,Klaipėdos apskritis,Klaipėdos miesto savivaldybė,,Klaipėda,Klaipėdos miestas,Kooperacijos gatvė
164,LIETUVOS RESPUBLIKA,Klaipėdos apskritis,Klaipėdos miesto savivaldybė,,Klaipėda,Klaipėdos miestas,Kopų gatvė
165,LIETUVOS RESPUBLIKA,Klaipėdos apskritis,Klaipėdos miesto savivaldybė,,Klaipėda,Klaipėdos miestas,Kranto gatvė
166,LIETUVOS RESPUBLIKA,Klaipėdos apskritis,Klaipėdos miesto savivaldybė,,Klaipėda,Klaipėdos miestas,Kraštinė gatvė
167,LIETUVOS RESPUBLIKA,Klaipėdos apskritis,Klaipėdos miesto savivaldybė,,Klaipėda,Klaipėdos miestas,Kražių gatvė
168,LIETUVOS RESPUBLIKA,Klaipėdos apskritis,Klaipėdos miesto savivaldybė,,Klaipėda,Klaipėdos miestas,Kretainio gatvė
169,LIETUVOS RESPUBLIKA,Klaipėdos apskritis,Klaipėdos miesto savivaldybė,,Klaipėda,Klaipėdos miestas,Kretingos gatvė
170,LIETUVOS RESPUBLIKA,Klaipėdos apskritis,Klaipėdos miesto savivaldybė,,Klaipėda,Klaipėdos miestas,Krovėjų gatvė
171,LIETUVOS RESPUBLIKA,Klaipėdos apskritis,Klaipėdos miesto savivaldybė,,Klaipėda,Klaipėdos miestas,Kuncų gatvė
172,LIETUVOS RESPUBLIKA,Klaipėdos apskritis,Klaipėdos miesto savivaldybė,,Klaipėda,Klaipėdos miestas,Kuosų gatvė
173,LIETUVOS RESPUBLIKA,Klaipėdos apskritis,Klaipėdos miesto savivaldybė,,Klaipėda,Klaipėdos miestas,Kupiškio gatvė
174,LIETUVOS RESPUBLIKA,Klaipėdos apskritis,Klaipėdos miesto savivaldybė,,Klaipėda,Klaipėdos miestas,Kurpių gatvė
175,LIETUVOS RESPUBLIKA,Klaipėdos apskritis,Klaipėdos miesto savivaldybė,,Klaipėda,Klaipėdos miestas,Kurėnų gatvė
176,LIETUVOS RESPUBLIKA,Klaipėdos apskritis,Klaipėdos miesto savivaldybė,,Klaipėda,Klaipėdos miestas,Kuršių aikštė
177,LIETUVOS RESPUBLIKA,Klaipėdos apskritis,Klaipėdos miesto savivaldybė,,Klaipėda,Klaipėdos miestas,Kybelkių gatvė
178,LIETUVOS RESPUBLIKA,Klaipėdos apskritis,Klaipėdos miesto savivaldybė,,Klaipėda,Klaipėdos miestas,Kėdainių gatvė
179,LIETUVOS RESPUBLIKA,Klaipėdos apskritis,Klaipėdos miesto savivaldybė,,Klaipėda,Klaipėdos miestas,Kūlių Vartų gatvė
180,LIETUVOS RESPUBLIKA,Klaipėdos apskritis,Klaipėdos miesto savivaldybė,,Klaipėda,Klaipėdos miestas,L. Giros gatvė
181,LIETUVOS RESPUBLIKA,Klaipėdos apskritis,Klaipėdos miesto savivaldybė,,Klaipėda,Klaipėdos miestas,Labrenciškės gatvė
182,LIETUVOS RESPUBLIKA,Klaipėdos apskritis,Klaipėdos miesto savivaldybė,,Klaipėda,Klaipėdos miestas,Labrencų Dvaro gatvė
183,LIETUVOS RESPUBLIKA,Klaipėdos apskritis,Klaipėdos miesto savivaldybė,,Klaipėda,Klaipėdos miestas,Laistų 1-oji gatvė
184,LIETUVOS RESPUBLIKA,Klaipėdos apskritis,Klaipėdos miesto savivaldybė,,Klaipėda,Klaipėdos miestas,Laistų 2-oji gatvė
185,LIETUVOS RESPUBLIKA,Klaipėdos apskritis,Klaipėdos miesto savivaldybė,,Klaipėda,Klaipėdos miestas,Laistų 3-oji gatvė
186,LIETUVOS RESPUBLIKA,Klaipėdos apskritis,Klaipėdos miesto savivaldybė,,Klaipėda,Klaipėdos miestas,Laivų skersgatvis
187,LIETUVOS RESPUBLIKA,Klaipėdos apskritis,Klaipėdos miesto savivaldybė,,Klaipėda,Klaipėdos miestas,Lakštučių gatvė
188,LIETUVOS RESPUBLIKA,Klaipėdos apskritis,Klaipėdos miesto savivaldybė,,Klaipėda,Klaipėdos miestas,Lankiškių gatvė
189,LIETUVOS RESPUBLIKA,Klaipėdos apskritis,Klaipėdos miesto savivaldybė,,Klaipėda,Klaipėdos miestas,Lanko gatvė
190,LIETUVOS RESPUBLIKA,Klaipėdos apskritis,Klaipėdos miesto savivaldybė,,Klaipėda,Klaipėdos miestas,Laukininkų gatvė
191,LIETUVOS RESPUBLIKA,Klaipėdos apskritis,Klaipėdos miesto savivaldybė,,Klaipėda,Klaipėdos miestas,Laukpačio gatvė
192,LIETUVOS RESPUBLIKA,Klaipėdos apskritis,Klaipėdos miesto savivaldybė,,Klaipėda,Klaipėdos miestas,Laukų gatvė
193,LIETUVOS RESPUBLIKA,Klaipėdos apskritis,Klaipėdos miesto savivaldybė,,Klaipėda,Klaipėdos miestas,Lazdynų gatvė
194,LIETUVOS RESPUBLIKA,Klaipėdos apskritis,Klaipėdos miesto savivaldybė,,Klaipėda,Klaipėdos miestas,Lelijų gatvė
195,LIETUVOS RESPUBLIKA,Klaipėdos apskritis,Klaipėdos miesto savivaldybė,,Klaipėda,Klaipėdos miestas,Lendrūnų gatvė
196,LIETUVOS RESPUBLIKA,Klaipėdos apskritis,Klaipėdos miesto savivaldybė,,Klaipėda,Klaipėdos miestas,Levandrų gatvė
197,LIETUVOS RESPUBLIKA,Klaipėdos apskritis,Klaipėdos miesto savivaldybė,,Klaipėda,Klaipėdos miestas,Liepojos gatvė
198,LIETUVOS RESPUBLIKA,Klaipėdos apskritis,Klaipėdos miesto savivaldybė,,Klaipėda,Klaipėdos miestas,Liepų gatvė
199,LIETUVOS RESPUBLIKA,Klaipėdos apskritis,Klaipėdos miesto savivaldybė,,Klaipėda,Klaipėdos miestas,Lietaus gatvė
200,LIETUVOS RESPUBLIKA,Klaipėdos apskritis,Klaipėdos miesto savivaldybė,,Klaipėda,Klaipėdos miestas,Lietuvininkų aikštė
201,LIETUVOS RESPUBLIKA,Klaipėdos apskritis,Klaipėdos miesto savivaldybė,,Klaipėda,Klaipėdos miestas,Ligoninės gatvė
202,LIETUVOS RESPUBLIKA,Klaipėdos apskritis,Klaipėdos miesto savivaldybė,,Klaipėda,Klaipėdos miestas,Liubeko gatvė
203,LIETUVOS RESPUBLIKA,Klaipėdos apskritis,Klaipėdos miesto savivaldybė,,Klaipėda,Klaipėdos miestas,Lubinų gatvė
204,LIETUVOS RESPUBLIKA,Klaipėdos apskritis,Klaipėdos miesto savivaldybė,,Klaipėda,Klaipėdos miestas,Lypkių gatvė
205,LIETUVOS RESPUBLIKA,Klaipėdos apskritis,Klaipėdos miesto savivaldybė,,Klaipėda,Klaipėdos miestas,Lūžų gatvė
206,LIETUVOS RESPUBLIKA,Klaipėdos apskritis,Klaipėdos miesto savivaldybė,,Klaipėda,Klaipėdos miestas,M. Mažvydo alėja
207,LIETUVOS RESPUBLIKA,Klaipėdos apskritis,Klaipėdos miesto savivaldybė,,Klaipėda,Klaipėdos miestas,M. Šerniaus gatvė
208,LIETUVOS RESPUBLIKA,Klaipėdos apskritis,Klaipėdos miesto savivaldybė,,Klaipėda,Klaipėdos miestas,Mainų gatvė
209,LIETUVOS RESPUBLIKA,Klaipėdos apskritis,Klaipėdos miesto savivaldybė,,Klaipėda,Klaipėdos miestas,Malūnininkų gatvė
210,LIETUVOS RESPUBLIKA,Klaipėdos apskritis,Klaipėdos miesto savivaldybė,,Klaipėda,Klaipėdos miestas,Marių gatvė
211,LIETUVOS RESPUBLIKA,Klaipėdos apskritis,Klaipėdos miesto savivaldybė,,Klaipėda,Klaipėdos miestas,Markučių gatvė
212,LIETUVOS RESPUBLIKA,Klaipėdos apskritis,Klaipėdos miesto savivaldybė,,Klaipėda,Klaipėdos miestas,Martyno Jankaus gatvė
213,LIETUVOS RESPUBLIKA,Klaipėdos apskritis,Klaipėdos miesto savivaldybė,,Klaipėda,Klaipėdos miestas,Maumedžių gatvė
214,LIETUVOS RESPUBLIKA,Klaipėdos apskritis,Klaipėdos miesto savivaldybė,,Klaipėda,Klaipėdos miestas,Mažoji Smilties gatvė
215,LIETUVOS RESPUBLIKA,Klaipėdos apskritis,Klaipėdos miesto savivaldybė,,Klaipėda,Klaipėdos miestas,Mažoji Vandens gatvė
216,LIETUVOS RESPUBLIKA,Klaipėdos apskritis,Klaipėdos miesto savivaldybė,,Klaipėda,Klaipėdos miestas,Mažojo Kaimelio gatvė
217,LIETUVOS RESPUBLIKA,Klaipėdos apskritis,Klaipėdos miesto savivaldybė,,Klaipėda,Klaipėdos miestas,Mechanizacijos gatvė
218,LIETUVOS RESPUBLIKA,Klaipėdos apskritis,Klaipėdos miesto savivaldybė,,Klaipėda,Klaipėdos miestas,Medeinos gatvė
219,LIETUVOS RESPUBLIKA,Klaipėdos apskritis,Klaipėdos miesto savivaldybė,,Klaipėda,Klaipėdos miestas,Medelyno gatvė
220,LIETUVOS RESPUBLIKA,Klaipėdos apskritis,Klaipėdos miesto savivaldybė,,Klaipėda,Klaipėdos miestas,Medikių gatvė
221,LIETUVOS RESPUBLIKA,Klaipėdos apskritis,Klaipėdos miesto savivaldybė,,Klaipėda,Klaipėdos miestas,Medvėgalio gatvė
222,LIETUVOS RESPUBLIKA,Klaipėdos apskritis,Klaipėdos miesto savivaldybė,,Klaipėda,Klaipėdos miestas,Medžiotojų gatvė
223,LIETUVOS RESPUBLIKA,Klaipėdos apskritis,Klaipėdos miesto savivaldybė,,Klaipėda,Klaipėdos miestas,Meldų gatvė
224,LIETUVOS RESPUBLIKA,Klaipėdos apskritis,Klaipėdos miesto savivaldybė,,Klaipėda,Klaipėdos miestas,Merkio gatvė
225,LIETUVOS RESPUBLIKA,Klaipėdos apskritis,Klaipėdos miesto savivaldybė,,Klaipėda,Klaipėdos miestas,Metalo gatvė
226,LIETUVOS RESPUBLIKA,Klaipėdos apskritis,Klaipėdos miesto savivaldybė,,Klaipėda,Klaipėdos miestas,Miko Buntino gatvė
227,LIETUVOS RESPUBLIKA,Klaipėdos apskritis,Klaipėdos miesto savivaldybė,,Klaipėda,Klaipėdos miestas,Minijos gatvė
228,LIETUVOS RESPUBLIKA,Klaipėdos apskritis,Klaipėdos miesto savivaldybė,,Klaipėda,Klaipėdos miestas,Mituvos gatvė
229,LIETUVOS RESPUBLIKA,Klaipėdos apskritis,Klaipėdos miesto savivaldybė,,Klaipėda,Klaipėdos miestas,Miško gatvė
230,LIETUVOS RESPUBLIKA,Klaipėdos apskritis,Klaipėdos miesto savivaldybė,,Klaipėda,Klaipėdos miestas,Mogiliovo gatvė
231,LIETUVOS RESPUBLIKA,Klaipėdos apskritis,Klaipėdos miesto savivaldybė,,Klaipėda,Klaipėdos miestas,Mokyklos gatvė
232,LIETUVOS RESPUBLIKA,Klaipėdos apskritis,Klaipėdos miesto savivaldybė,,Klaipėda,Klaipėdos miestas,Molo gatvė
233,LIETUVOS RESPUBLIKA,Klaipėdos apskritis,Klaipėdos miesto savivaldybė,,Klaipėda,Klaipėdos miestas,Molėtų gatvė
234,LIETUVOS RESPUBLIKA,Klaipėdos apskritis,Klaipėdos miesto savivaldybė,,Klaipėda,Klaipėdos miestas,Mėsininkų gatvė
235,LIETUVOS RESPUBLIKA,Klaipėdos apskritis,Klaipėdos miesto savivaldybė,,Klaipėda,Klaipėdos miestas,Naglio gatvė
236,LIETUVOS RESPUBLIKA,Klaipėdos apskritis,Klaipėdos miesto savivaldybė,,Klaipėda,Klaipėdos miestas,Naikupės gatvė
237,LIETUVOS RESPUBLIKA,Klaipėdos apskritis,Klaipėdos miesto savivaldybė,,Klaipėda,Klaipėdos miestas,Naktigonės gatvė
238,LIETUVOS RESPUBLIKA,Klaipėdos apskritis,Klaipėdos miesto savivaldybė,,Klaipėda,Klaipėdos miestas,Naujakiemio gatvė
239,LIETUVOS RESPUBLIKA,Klaipėdos apskritis,Klaipėdos miesto savivaldybė,,Klaipėda,Klaipėdos miestas,Naujoji Uosto gatvė
240,LIETUVOS RESPUBLIKA,Klaipėdos apskritis,Klaipėdos miesto savivaldybė,,Klaipėda,Klaipėdos miestas,Naujojo Sodo gatvė
241,LIETUVOS RESPUBLIKA,Klaipėdos apskritis,Klaipėdos miesto savivaldybė,,Klaipėda,Klaipėdos miestas,Nemuno gatvė
242,LIETUVOS RESPUBLIKA,Klaipėdos apskritis,Klaipėdos miesto savivaldybė,,Klaipėda,Klaipėdos miestas,Nendrių gatvė
243,LIETUVOS RESPUBLIKA,Klaipėdos apskritis,Klaipėdos miesto savivaldybė,,Klaipėda,Klaipėdos miestas,Neringos 1-oji gatvė
244,LIETUVOS RESPUBLIKA,Klaipėdos apskritis,Klaipėdos miesto savivaldybė,,Klaipėda,Klaipėdos miestas,Neringos 2-oji gatvė
245,LIETUVOS RESPUBLIKA,Klaipėdos apskritis,Klaipėdos miesto savivaldybė,,Klaipėda,Klaipėdos miestas,Nevėžio gatvė
246,LIETUVOS RESPUBLIKA,Klaipėdos apskritis,Klaipėdos miesto savivaldybė,,Klaipėda,Klaipėdos miestas,Nidos gatvė
247,LIETUVOS RESPUBLIKA,Klaipėdos apskritis,Klaipėdos miesto savivaldybė,,Klaipėda,Klaipėdos miestas,Nėgių gatvė
248,LIETUVOS RESPUBLIKA,Klaipėdos apskritis,Klaipėdos miesto savivaldybė,,Klaipėda,Klaipėdos miestas,Obelų gatvė
249,LIETUVOS RESPUBLIKA,Klaipėdos apskritis,Klaipėdos miesto savivaldybė,,Klaipėda,Klaipėdos miestas,Otų gatvė
250,LIETUVOS RESPUBLIKA,Klaipėdos apskritis,Klaipėdos miesto savivaldybė,,Klaipėda,Klaipėdos miestas,Pajūrio gatvė
251,LIETUVOS RESPUBLIKA,Klaipėdos apskritis,Klaipėdos miesto savivaldybė,,Klaipėda,Klaipėdos miestas,Pakrantės gatvė
252,LIETUVOS RESPUBLIKA,Klaipėdos apskritis,Klaipėdos miesto savivaldybė,,Klaipėda,Klaipėdos miestas,Pakruojo gatvė
253,LIETUVOS RESPUBLIKA,Klaipėdos apskritis,Klaipėdos miesto savivaldybė,,Klaipėda,Klaipėdos miestas,Palangos gatvė
254,LIETUVOS RESPUBLIKA,Klaipėdos apskritis,Klaipėdos miesto savivaldybė,,Klaipėda,Klaipėdos miestas,Pamario gatvė
255,LIETUVOS RESPUBLIKA,Klaipėdos apskritis,Klaipėdos miesto savivaldybė,,Klaipėda,Klaipėdos miestas,Panevėžio gatvė
256,LIETUVOS RESPUBLIKA,Klaipėdos apskritis,Klaipėdos miesto savivaldybė,,Klaipėda,Klaipėdos miestas,Paribio gatvė
257,LIETUVOS RESPUBLIKA,Klaipėdos apskritis,Klaipėdos miesto savivaldybė,,Klaipėda,Klaipėdos miestas,Parko gatvė
258,LIETUVOS RESPUBLIKA,Klaipėdos apskritis,Klaipėdos miesto savivaldybė,,Klaipėda,Klaipėdos miestas,Paryžiaus Komunos gatvė
259,LIETUVOS RESPUBLIKA,Klaipėdos apskritis,Klaipėdos miesto savivaldybė,,Klaipėda,Klaipėdos miestas,Pasiuntinių gatvė
260,LIETUVOS RESPUBLIKA,Klaipėdos apskritis,Klaipėdos miesto savivaldybė,,Klaipėda,Klaipėdos miestas,Pasvalio gatvė
261,LIETUVOS RESPUBLIKA,Klaipėdos apskritis,Klaipėdos miesto savivaldybė,,Klaipėda,Klaipėdos miestas,Paupio alėja
262,LIETUVOS RESPUBLIKA,Klaipėdos apskritis,Klaipėdos miesto savivaldybė,,Klaipėda,Klaipėdos miestas,Perkėlos gatvė
263,LIETUVOS RESPUBLIKA,Klaipėdos apskritis,Klaipėdos miesto savivaldybė,,Klaipėda,Klaipėdos miestas,Perkūno gatvė
264,LIETUVOS RESPUBLIKA,Klaipėdos apskritis,Klaipėdos miesto savivaldybė,,Klaipėda,Klaipėdos miestas,Pervalkos gatvė
265,LIETUVOS RESPUBLIKA,Klaipėdos apskritis,Klaipėdos miesto savivaldybė,,Klaipėda,Klaipėdos miestas,Pietinė gatvė
266,LIETUVOS RESPUBLIKA,Klaipėdos apskritis,Klaipėdos miesto savivaldybė,,Klaipėda,Klaipėdos miestas,Pievų Tako gatvė
267,LIETUVOS RESPUBLIKA,Klaipėdos apskritis,Klaipėdos miesto savivaldybė,,Klaipėda,Klaipėdos miestas,Pievų gatvė
268,LIETUVOS RESPUBLIKA,Klaipėdos apskritis,Klaipėdos miesto savivaldybė,,Klaipėda,Klaipėdos miestas,Pilies gatvė
269,LIETUVOS RESPUBLIKA,Klaipėdos apskritis,Klaipėdos miesto savivaldybė,,Klaipėda,Klaipėdos miestas,Plieno gatvė
270,LIETUVOS RESPUBLIKA,Klaipėdos apskritis,Klaipėdos miesto savivaldybė,,Klaipėda,Klaipėdos miestas,Plytinės gatvė
271,LIETUVOS RESPUBLIKA,Klaipėdos apskritis,Klaipėdos miesto savivaldybė,,Klaipėda,Klaipėdos miestas,Plytų gatvė
272,LIETUVOS RESPUBLIKA,Klaipėdos apskritis,Klaipėdos miesto savivaldybė,,Klaipėda,Klaipėdos miestas,Poilsio gatvė
273,LIETUVOS RESPUBLIKA,Klaipėdos apskritis,Klaipėdos miesto savivaldybė,,Klaipėda,Klaipėdos miestas,Pramonės gatvė
274,LIETUVOS RESPUBLIKA,Klaipėdos apskritis,Klaipėdos miesto savivaldybė,,Klaipėda,Klaipėdos miestas,Prano Lideikio gatvė
275,LIETUVOS RESPUBLIKA,Klaipėdos apskritis,Klaipėdos miesto savivaldybė,,Klaipėda,Klaipėdos miestas,Priegliaus gatvė
276,LIETUVOS RESPUBLIKA,Klaipėdos apskritis,Klaipėdos miesto savivaldybė,,Klaipėda,Klaipėdos miestas,Prienų gatvė
277,LIETUVOS RESPUBLIKA,Klaipėdos apskritis,Klaipėdos miesto savivaldybė,,Klaipėda,Klaipėdos miestas,Priestočio gatvė
278,LIETUVOS RESPUBLIKA,Klaipėdos apskritis,Klaipėdos miesto savivaldybė,,Klaipėda,Klaipėdos miestas,Puodžių gatvė
279,LIETUVOS RESPUBLIKA,Klaipėdos apskritis,Klaipėdos miesto savivaldybė,,Klaipėda,Klaipėdos miestas,Putinų gatvė
280,LIETUVOS RESPUBLIKA,Klaipėdos apskritis,Klaipėdos miesto savivaldybė,,Klaipėda,Klaipėdos miestas,Pušyno gatvė
281,LIETUVOS RESPUBLIKA,Klaipėdos apskritis,Klaipėdos miesto savivaldybė,,Klaipėda,Klaipėdos miestas,Pušyno skersgatvis
282,LIETUVOS RESPUBLIKA,Klaipėdos apskritis,Klaipėdos miesto savivaldybė,,Klaipėda,Klaipėdos miestas,Pylimo gatvė
283,LIETUVOS RESPUBLIKA,Klaipėdos apskritis,Klaipėdos miesto savivaldybė,,Klaipėda,Klaipėdos miestas,Radviliškio gatvė
284,LIETUVOS RESPUBLIKA,Klaipėdos apskritis,Klaipėdos miesto savivaldybė,,Klaipėda,Klaipėdos miestas,Raganių 1-oji gatvė
285,LIETUVOS RESPUBLIKA,Klaipėdos apskritis,Klaipėdos miesto savivaldybė,,Klaipėda,Klaipėdos miestas,Raganių 2-oji gatvė
286,LIETUVOS RESPUBLIKA,Klaipėdos apskritis,Klaipėdos miesto savivaldybė,,Klaipėda,Klaipėdos miestas,Raganių 3-ioji gatvė
287,LIETUVOS RESPUBLIKA,Klaipėdos apskritis,Klaipėdos miesto savivaldybė,,Klaipėda,Klaipėdos miestas,Raganių 4-oji gatvė
288,LIETUVOS RESPUBLIKA,Klaipėdos apskritis,Klaipėdos miesto savivaldybė,,Klaipėda,Klaipėdos miestas,Rambyno gatvė
289,LIETUVOS RESPUBLIKA,Klaipėdos apskritis,Klaipėdos miesto savivaldybė,,Klaipėda,Klaipėdos miestas,Ramioji gatvė
290,LIETUVOS RESPUBLIKA,Klaipėdos apskritis,Klaipėdos miesto savivaldybė,,Klaipėda,Klaipėdos miestas,Ramunių gatvė
291,LIETUVOS RESPUBLIKA,Klaipėdos apskritis,Klaipėdos miesto savivaldybė,,Klaipėda,Klaipėdos miestas,Raseinių gatvė
292,LIETUVOS RESPUBLIKA,Klaipėdos apskritis,Klaipėdos miesto savivaldybė,,Klaipėda,Klaipėdos miestas,Rasos gatvė
293,LIETUVOS RESPUBLIKA,Klaipėdos apskritis,Klaipėdos miesto savivaldybė,,Klaipėda,Klaipėdos miestas,Rasytės gatvė
294,LIETUVOS RESPUBLIKA,Klaipėdos apskritis,Klaipėdos miesto savivaldybė,,Klaipėda,Klaipėdos miestas,Ratilų gatvė
295,LIETUVOS RESPUBLIKA,Klaipėdos apskritis,Klaipėdos miesto savivaldybė,,Klaipėda,Klaipėdos miestas,Raudonės gatvė
296,LIETUVOS RESPUBLIKA,Klaipėdos apskritis,Klaipėdos miesto savivaldybė,,Klaipėda,Klaipėdos miestas,Reikjaviko gatvė
297,LIETUVOS RESPUBLIKA,Klaipėdos apskritis,Klaipėdos miesto savivaldybė,,Klaipėda,Klaipėdos miestas,Renetų gatvė
298,LIETUVOS RESPUBLIKA,Klaipėdos apskritis,Klaipėdos miesto savivaldybė,,Klaipėda,Klaipėdos miestas,Rimkų gatvė
299,LIETUVOS RESPUBLIKA,Klaipėdos apskritis,Klaipėdos miesto savivaldybė,,Klaipėda,Klaipėdos miestas,Ringelio gatvė
300,LIETUVOS RESPUBLIKA,Klaipėdos apskritis,Klaipėdos miesto savivaldybė,,Klaipėda,Klaipėdos miestas,Riūgeno gatvė
301,LIETUVOS RESPUBLIKA,Klaipėdos apskritis,Klaipėdos miesto savivaldybė,,Klaipėda,Klaipėdos miestas,Rokiškio gatvė
302,LIETUVOS RESPUBLIKA,Klaipėdos apskritis,Klaipėdos miesto savivaldybė,,Klaipėda,Klaipėdos miestas,Rumpiškės gatvė
303,LIETUVOS RESPUBLIKA,Klaipėdos apskritis,Klaipėdos miesto savivaldybė,,Klaipėda,Klaipėdos miestas,Ruonių gatvė
304,LIETUVOS RESPUBLIKA,Klaipėdos apskritis,Klaipėdos miesto savivaldybė,,Klaipėda,Klaipėdos miestas,Rusnės gatvė
305,LIETUVOS RESPUBLIKA,Klaipėdos apskritis,Klaipėdos miesto savivaldybė,,Klaipėda,Klaipėdos miestas,Ryto gatvė
306,LIETUVOS RESPUBLIKA,Klaipėdos apskritis,Klaipėdos miesto savivaldybė,,Klaipėda,Klaipėdos miestas,Ryšininkų gatvė
307,LIETUVOS RESPUBLIKA,Klaipėdos apskritis,Klaipėdos miesto savivaldybė,,Klaipėda,Klaipėdos miestas,Rėvos gatvė
308,LIETUVOS RESPUBLIKA,Klaipėdos apskritis,Klaipėdos miesto savivaldybė,,Klaipėda,Klaipėdos miestas,Rūko gatvė
309,LIETUVOS RESPUBLIKA,Klaipėdos apskritis,Klaipėdos miesto savivaldybė,,Klaipėda,Klaipėdos miestas,Rūtų gatvė
310,LIETUVOS RESPUBLIKA,Klaipėdos apskritis,Klaipėdos miesto savivaldybė,,Klaipėda,Klaipėdos miestas,S. Daukanto gatvė
311,LIETUVOS RESPUBLIKA,Klaipėdos apskritis,Klaipėdos miesto savivaldybė,,Klaipėda,Klaipėdos miestas,S. Nėries gatvė
312,LIETUVOS RESPUBLIKA,Klaipėdos apskritis,Klaipėdos miesto savivaldybė,,Klaipėda,Klaipėdos miestas,S. Šimkaus gatvė
313,LIETUVOS RESPUBLIKA,Klaipėdos apskritis,Klaipėdos miesto savivaldybė,,Klaipėda,Klaipėdos miestas,Salos gatvė
314,LIETUVOS RESPUBLIKA,Klaipėdos apskritis,Klaipėdos miesto savivaldybė,,Klaipėda,Klaipėdos miestas,Sandėlių gatvė
315,LIETUVOS RESPUBLIKA,Klaipėdos apskritis,Klaipėdos miesto savivaldybė,,Klaipėda,Klaipėdos miestas,Sankryžos gatvė
316,LIETUVOS RESPUBLIKA,Klaipėdos apskritis,Klaipėdos miesto savivaldybė,,Klaipėda,Klaipėdos miestas,Saulėlydžio gatvė
317,LIETUVOS RESPUBLIKA,Klaipėdos apskritis,Klaipėdos miesto savivaldybė,,Klaipėda,Klaipėdos miestas,Saulės gatvė
318,LIETUVOS RESPUBLIKA,Klaipėdos apskritis,Klaipėdos miesto savivaldybė,,Klaipėda,Klaipėdos miestas,Saulėtekio gatvė
319,LIETUVOS RESPUBLIKA,Klaipėdos apskritis,Klaipėdos miesto savivaldybė,,Klaipėda,Klaipėdos miestas,Sausio 15-osios gatvė
320,LIETUVOS RESPUBLIKA,Klaipėdos apskritis,Klaipėdos miesto savivaldybė,,Klaipėda,Klaipėdos miestas,Savanorių gatvė
321,LIETUVOS RESPUBLIKA,Klaipėdos apskritis,Klaipėdos miesto savivaldybė,,Klaipėda,Klaipėdos miestas,Senoji Smiltelės gatvė
322,LIETUVOS RESPUBLIKA,Klaipėdos apskritis,Klaipėdos miesto savivaldybė,,Klaipėda,Klaipėdos miestas,Senvagės gatvė
323,LIETUVOS RESPUBLIKA,Klaipėdos apskritis,Klaipėdos miesto savivaldybė,,Klaipėda,Klaipėdos miestas,Serviso gatvė
324,LIETUVOS RESPUBLIKA,Klaipėdos apskritis,Klaipėdos miesto savivaldybė,,Klaipėda,Klaipėdos miestas,Sinagogų gatvė
325,LIETUVOS RESPUBLIKA,Klaipėdos apskritis,Klaipėdos miesto savivaldybė,,Klaipėda,Klaipėdos miestas,Skardžio gatvė
326,LIETUVOS RESPUBLIKA,Klaipėdos apskritis,Klaipėdos miesto savivaldybė,,Klaipėda,Klaipėdos miestas,Skautų gatvė
327,LIETUVOS RESPUBLIKA,Klaipėdos apskritis,Klaipėdos miesto savivaldybė,,Klaipėda,Klaipėdos miestas,Skerdyklos gatvė
328,LIETUVOS RESPUBLIKA,Klaipėdos apskritis,Klaipėdos miesto savivaldybė,,Klaipėda,Klaipėdos miestas,Skerdėjų gatvė
329,LIETUVOS RESPUBLIKA,Klaipėdos apskritis,Klaipėdos miesto savivaldybė,,Klaipėda,Klaipėdos miestas,Skersinė gatvė
330,LIETUVOS RESPUBLIKA,Klaipėdos apskritis,Klaipėdos miesto savivaldybė,,Klaipėda,Klaipėdos miestas,Skinijos gatvė
331,LIETUVOS RESPUBLIKA,Klaipėdos apskritis,Klaipėdos miesto savivaldybė,,Klaipėda,Klaipėdos miestas,Skirsnemunės gatvė
332,LIETUVOS RESPUBLIKA,Klaipėdos apskritis,Klaipėdos miesto savivaldybė,,Klaipėda,Klaipėdos miestas,Skirvytės gatvė
333,LIETUVOS RESPUBLIKA,Klaipėdos apskritis,Klaipėdos miesto savivaldybė,,Klaipėda,Klaipėdos miestas,Skroblų gatvė
334,LIETUVOS RESPUBLIKA,Klaipėdos apskritis,Klaipėdos miesto savivaldybė,,Klaipėda,Klaipėdos miestas,Slengių gatvė
335,LIETUVOS RESPUBLIKA,Klaipėdos apskritis,Klaipėdos miesto savivaldybė,,Klaipėda,Klaipėdos miestas,Slyvų gatvė
336,LIETUVOS RESPUBLIKA,Klaipėdos apskritis,Klaipėdos miesto savivaldybė,,Klaipėda,Klaipėdos miestas,Slėnio gatvė
337,LIETUVOS RESPUBLIKA,Klaipėdos apskritis,Klaipėdos miesto savivaldybė,,Klaipėda,Klaipėdos miestas,Smalininkų gatvė
338,LIETUVOS RESPUBLIKA,Klaipėdos apskritis,Klaipėdos miesto savivaldybė,,Klaipėda,Klaipėdos miestas,Smilgų gatvė
339,LIETUVOS RESPUBLIKA,Klaipėdos apskritis,Klaipėdos miesto savivaldybė,,Klaipėda,Klaipėdos miestas,Smiltelės gatvė
340,LIETUVOS RESPUBLIKA,Klaipėdos apskritis,Klaipėdos miesto savivaldybė,,Klaipėda,Klaipėdos miestas,Smilties Pylimo gatvė
341,LIETUVOS RESPUBLIKA,Klaipėdos apskritis,Klaipėdos miesto savivaldybė,,Klaipėda,Klaipėdos miestas,Smiltynės gatvė
342,LIETUVOS RESPUBLIKA,Klaipėdos apskritis,Klaipėdos miesto savivaldybė,,Klaipėda,Klaipėdos miestas,Smilčių gatvė
343,LIETUVOS RESPUBLIKA,Klaipėdos apskritis,Klaipėdos miesto savivaldybė,,Klaipėda,Klaipėdos miestas,Smėlio gatvė
344,LIETUVOS RESPUBLIKA,Klaipėdos apskritis,Klaipėdos miesto savivaldybė,,Klaipėda,Klaipėdos miestas,Sodų gatvė
345,LIETUVOS RESPUBLIKA,Klaipėdos apskritis,Klaipėdos miesto savivaldybė,,Klaipėda,Klaipėdos miestas,Spindulio gatvė
346,LIETUVOS RESPUBLIKA,Klaipėdos apskritis,Klaipėdos miesto savivaldybė,,Klaipėda,Klaipėdos miestas,Sportininkų gatvė
347,LIETUVOS RESPUBLIKA,Klaipėdos apskritis,Klaipėdos miesto savivaldybė,,Klaipėda,Klaipėdos miestas,Stadiono gatvė
348,LIETUVOS RESPUBLIKA,Klaipėdos apskritis,Klaipėdos miesto savivaldybė,,Klaipėda,Klaipėdos miestas,Stalių gatvė
349,LIETUVOS RESPUBLIKA,Klaipėdos apskritis,Klaipėdos miesto savivaldybė,,Klaipėda,Klaipėdos miestas,Statybininkų prospektas
350,LIETUVOS RESPUBLIKA,Klaipėdos apskritis,Klaipėdos miesto savivaldybė,,Klaipėda,Klaipėdos miestas,Stoklių gatvė
351,LIETUVOS RESPUBLIKA,Klaipėdos apskritis,Klaipėdos miesto savivaldybė,,Klaipėda,Klaipėdos miestas,Stoties gatvė
352,LIETUVOS RESPUBLIKA,Klaipėdos apskritis,Klaipėdos miesto savivaldybė,,Klaipėda,Klaipėdos miestas,Stovyklos gatvė
353,LIETUVOS RESPUBLIKA,Klaipėdos apskritis,Klaipėdos miesto savivaldybė,,Klaipėda,Klaipėdos miestas,Strėvos gatvė
354,LIETUVOS RESPUBLIKA,Klaipėdos apskritis,Klaipėdos miesto savivaldybė,,Klaipėda,Klaipėdos miestas,Sudmantų gatvė
355,LIETUVOS RESPUBLIKA,Klaipėdos apskritis,Klaipėdos miesto savivaldybė,,Klaipėda,Klaipėdos miestas,Sukilėlių gatvė
356,LIETUVOS RESPUBLIKA,Klaipėdos apskritis,Klaipėdos miesto savivaldybė,,Klaipėda,Klaipėdos miestas,Sulupės gatvė
357,LIETUVOS RESPUBLIKA,Klaipėdos apskritis,Klaipėdos miesto savivaldybė,,Klaipėda,Klaipėdos miestas,Svajonės gatvė
358,LIETUVOS RESPUBLIKA,Klaipėdos apskritis,Klaipėdos miesto savivaldybė,,Klaipėda,Klaipėdos miestas,Sūkurio gatvė
359,LIETUVOS RESPUBLIKA,Klaipėdos apskritis,Klaipėdos miesto savivaldybė,,Klaipėda,Klaipėdos miestas,Taikos prospektas
360,LIETUVOS RESPUBLIKA,Klaipėdos apskritis,Klaipėdos miesto savivaldybė,,Klaipėda,Klaipėdos miestas,Takoskyros gatvė
361,LIETUVOS RESPUBLIKA,Klaipėdos apskritis,Klaipėdos miesto savivaldybė,,Klaipėda,Klaipėdos miestas,Tauralaukio gatvė
362,LIETUVOS RESPUBLIKA,Klaipėdos apskritis,Klaipėdos miesto savivaldybė,,Klaipėda,Klaipėdos miestas,Tauro 1-oji gatvė
363,LIETUVOS RESPUBLIKA,Klaipėdos apskritis,Klaipėdos miesto savivaldybė,,Klaipėda,Klaipėdos miestas,Tauro 10-oji gatvė
364,LIETUVOS RESPUBLIKA,Klaipėdos apskritis,Klaipėdos miesto savivaldybė,,Klaipėda,Klaipėdos miestas,Tauro 11-oji gatvė
365,LIETUVOS RESPUBLIKA,Klaipėdos apskritis,Klaipėdos miesto savivaldybė,,Klaipėda,Klaipėdos miestas,Tauro 12-oji gatvė
366,LIETUVOS RESPUBLIKA,Klaipėdos apskritis,Klaipėdos miesto savivaldybė,,Klaipėda,Klaipėdos miestas,Tauro 13-oji gatvė
367,LIETUVOS RESPUBLIKA,Klaipėdos apskritis,Klaipėdos miesto savivaldybė,,Klaipėda,Klaipėdos miestas,Tauro 14-oji gatvė
368,LIETUVOS RESPUBLIKA,Klaipėdos apskritis,Klaipėdos miesto savivaldybė,,Klaipėda,Klaipėdos miestas,Tauro 15-oji gatvė
369,LIETUVOS RESPUBLIKA,Klaipėdos apskritis,Klaipėdos miesto savivaldybė,,Klaipėda,Klaipėdos miestas,Tauro 16-oji gatvė
370,LIETUVOS RESPUBLIKA,Klaipėdos apskritis,Klaipėdos miesto savivaldybė,,Klaipėda,Klaipėdos miestas,Tauro 17-oji gatvė
371,LIETUVOS RESPUBLIKA,Klaipėdos apskritis,Klaipėdos miesto savivaldybė,,Klaipėda,Klaipėdos miestas,Tauro 18-oji gatvė
372,LIETUVOS RESPUBLIKA,Klaipėdos apskritis,Klaipėdos miesto savivaldybė,,Klaipėda,Klaipėdos miestas,Tauro 2-oji gatvė
373,LIETUVOS RESPUBLIKA,Klaipėdos apskritis,Klaipėdos miesto savivaldybė,,Klaipėda,Klaipėdos miestas,Tauro 3-oji gatvė
374,LIETUVOS RESPUBLIKA,Klaipėdos apskritis,Klaipėdos miesto savivaldybė,,Klaipėda,Klaipėdos miestas,Tauro 4-oji gatvė
375,LIETUVOS RESPUBLIKA,Klaipėdos apskritis,Klaipėdos miesto savivaldybė,,Klaipėda,Klaipėdos miestas,Tauro 5-oji gatvė
376,LIETUVOS RESPUBLIKA,Klaipėdos apskritis,Klaipėdos miesto savivaldybė,,Klaipėda,Klaipėdos miestas,Tauro 6-oji gatvė
377,LIETUVOS RESPUBLIKA,Klaipėdos apskritis,Klaipėdos miesto savivaldybė,,Klaipėda,Klaipėdos miestas,Tauro 7-oji gatvė
378,LIETUVOS RESPUBLIKA,Klaipėdos apskritis,Klaipėdos miesto savivaldybė,,Klaipėda,Klaipėdos miestas,Tauro 8-oji gatvė
379,LIETUVOS RESPUBLIKA,Klaipėdos apskritis,Klaipėdos miesto savivaldybė,,Klaipėda,Klaipėdos miestas,Tauro 9-oji gatvė
380,LIETUVOS RESPUBLIKA,Klaipėdos apskritis,Klaipėdos miesto savivaldybė,,Klaipėda,Klaipėdos miestas,Teatro gatvė
381,LIETUVOS RESPUBLIKA,Klaipėdos apskritis,Klaipėdos miesto savivaldybė,,Klaipėda,Klaipėdos miestas,Technikos gatvė
382,LIETUVOS RESPUBLIKA,Klaipėdos apskritis,Klaipėdos miesto savivaldybė,,Klaipėda,Klaipėdos miestas,Tekintojų gatvė
383,LIETUVOS RESPUBLIKA,Klaipėdos apskritis,Klaipėdos miesto savivaldybė,,Klaipėda,Klaipėdos miestas,Telšių gatvė
384,LIETUVOS RESPUBLIKA,Klaipėdos apskritis,Klaipėdos miesto savivaldybė,,Klaipėda,Klaipėdos miestas,Tiesioji gatvė
385,LIETUVOS RESPUBLIKA,Klaipėdos apskritis,Klaipėdos miesto savivaldybė,,Klaipėda,Klaipėdos miestas,Tiltų gatvė
386,LIETUVOS RESPUBLIKA,Klaipėdos apskritis,Klaipėdos miesto savivaldybė,,Klaipėda,Klaipėdos miestas,Tilžės gatvė
387,LIETUVOS RESPUBLIKA,Klaipėdos apskritis,Klaipėdos miesto savivaldybė,,Klaipėda,Klaipėdos miestas,Tinklų gatvė
388,LIETUVOS RESPUBLIKA,Klaipėdos apskritis,Klaipėdos miesto savivaldybė,,Klaipėda,Klaipėdos miestas,Titnago gatvė
389,LIETUVOS RESPUBLIKA,Klaipėdos apskritis,Klaipėdos miesto savivaldybė,,Klaipėda,Klaipėdos miestas,Tomo gatvė
390,LIETUVOS RESPUBLIKA,Klaipėdos apskritis,Klaipėdos miesto savivaldybė,,Klaipėda,Klaipėdos miestas,Topolių gatvė
391,LIETUVOS RESPUBLIKA,Klaipėdos apskritis,Klaipėdos miesto savivaldybė,,Klaipėda,Klaipėdos miestas,Trilapio gatvė
392,LIETUVOS RESPUBLIKA,Klaipėdos apskritis,Klaipėdos miesto savivaldybė,,Klaipėda,Klaipėdos miestas,Trinyčių gatvė
393,LIETUVOS RESPUBLIKA,Klaipėdos apskritis,Klaipėdos miesto savivaldybė,,Klaipėda,Klaipėdos miestas,Tujų gatvė
394,LIETUVOS RESPUBLIKA,Klaipėdos apskritis,Klaipėdos miesto savivaldybė,,Klaipėda,Klaipėdos miestas,Tulpių gatvė
395,LIETUVOS RESPUBLIKA,Klaipėdos apskritis,Klaipėdos miesto savivaldybė,,Klaipėda,Klaipėdos miestas,Tuopų gatvė
396,LIETUVOS RESPUBLIKA,Klaipėdos apskritis,Klaipėdos miesto savivaldybė,,Klaipėda,Klaipėdos miestas,Turgaus aikštė
397,LIETUVOS RESPUBLIKA,Klaipėdos apskritis,Klaipėdos miesto savivaldybė,,Klaipėda,Klaipėdos miestas,Turgaus gatvė
398,LIETUVOS RESPUBLIKA,Klaipėdos apskritis,Klaipėdos miesto savivaldybė,,Klaipėda,Klaipėdos miestas,Turistų gatvė
399,LIETUVOS RESPUBLIKA,Klaipėdos apskritis,Klaipėdos miesto savivaldybė,,Klaipėda,Klaipėdos miestas,Tylos gatvė
400,LIETUVOS RESPUBLIKA,Klaipėdos apskritis,Klaipėdos miesto savivaldybė,,Klaipėda,Klaipėdos miestas,Tėkmės gatvė
401,LIETUVOS RESPUBLIKA,Klaipėdos apskritis,Klaipėdos miesto savivaldybė,,Klaipėda,Klaipėdos miestas,Ukmergės gatvė
402,LIETUVOS RESPUBLIKA,Klaipėdos apskritis,Klaipėdos miesto savivaldybė,,Klaipėda,Klaipėdos miestas,Universiteto alėja
403,LIETUVOS RESPUBLIKA,Klaipėdos apskritis,Klaipėdos miesto savivaldybė,,Klaipėda,Klaipėdos miestas,Uosių gatvė
404,LIETUVOS RESPUBLIKA,Klaipėdos apskritis,Klaipėdos miesto savivaldybė,,Klaipėda,Klaipėdos miestas,Uosto gatvė
405,LIETUVOS RESPUBLIKA,Klaipėdos apskritis,Klaipėdos miesto savivaldybė,,Klaipėda,Klaipėdos miestas,Upelio gatvė
406,LIETUVOS RESPUBLIKA,Klaipėdos apskritis,Klaipėdos miesto savivaldybė,,Klaipėda,Klaipėdos miestas,Upės gatvė
407,LIETUVOS RESPUBLIKA,Klaipėdos apskritis,Klaipėdos miesto savivaldybė,,Klaipėda,Klaipėdos miestas,Utenos gatvė
408,LIETUVOS RESPUBLIKA,Klaipėdos apskritis,Klaipėdos miesto savivaldybė,,Klaipėda,Klaipėdos miestas,Užlaukio gatvė
409,LIETUVOS RESPUBLIKA,Klaipėdos apskritis,Klaipėdos miesto savivaldybė,,Klaipėda,Klaipėdos miestas,Užupio gatvė
410,LIETUVOS RESPUBLIKA,Klaipėdos apskritis,Klaipėdos miesto savivaldybė,,Klaipėda,Klaipėdos miestas,Vaidaugų gatvė
411,LIETUVOS RESPUBLIKA,Klaipėdos apskritis,Klaipėdos miesto savivaldybė,,Klaipėda,Klaipėdos miestas,Vaivorykštės gatvė
412,LIETUVOS RESPUBLIKA,Klaipėdos apskritis,Klaipėdos miesto savivaldybė,,Klaipėda,Klaipėdos miestas,Vaivos gatvė
413,LIETUVOS RESPUBLIKA,Klaipėdos apskritis,Klaipėdos miesto savivaldybė,,Klaipėda,Klaipėdos miestas,Valstiečių gatvė
414,LIETUVOS RESPUBLIKA,Klaipėdos apskritis,Klaipėdos miesto savivaldybė,,Klaipėda,Klaipėdos miestas,Varnių gatvė
415,LIETUVOS RESPUBLIKA,Klaipėdos apskritis,Klaipėdos miesto savivaldybė,,Klaipėda,Klaipėdos miestas,Varnėnų gatvė
416,LIETUVOS RESPUBLIKA,Klaipėdos apskritis,Klaipėdos miesto savivaldybė,,Klaipėda,Klaipėdos miestas,Varpų gatvė
417,LIETUVOS RESPUBLIKA,Klaipėdos apskritis,Klaipėdos miesto savivaldybė,,Klaipėda,Klaipėdos miestas,Vasaros gatvė
418,LIETUVOS RESPUBLIKA,Klaipėdos apskritis,Klaipėdos miesto savivaldybė,,Klaipėda,Klaipėdos miestas,Vasarotojų gatvė
419,LIETUVOS RESPUBLIKA,Klaipėdos apskritis,Klaipėdos miesto savivaldybė,,Klaipėda,Klaipėdos miestas,Veliuonos gatvė
420,LIETUVOS RESPUBLIKA,Klaipėdos apskritis,Klaipėdos miesto savivaldybė,,Klaipėda,Klaipėdos miestas,Verpėjų gatvė
421,LIETUVOS RESPUBLIKA,Klaipėdos apskritis,Klaipėdos miesto savivaldybė,,Klaipėda,Klaipėdos miestas,Verslo gatvė
422,LIETUVOS RESPUBLIKA,Klaipėdos apskritis,Klaipėdos miesto savivaldybė,,Klaipėda,Klaipėdos miestas,Versmės gatvė
423,LIETUVOS RESPUBLIKA,Klaipėdos apskritis,Klaipėdos miesto savivaldybė,,Klaipėda,Klaipėdos miestas,Veterinarijos gatvė
424,LIETUVOS RESPUBLIKA,Klaipėdos apskritis,Klaipėdos miesto savivaldybė,,Klaipėda,Klaipėdos miestas,Vežėjų gatvė
425,LIETUVOS RESPUBLIKA,Klaipėdos apskritis,Klaipėdos miesto savivaldybė,,Klaipėda,Klaipėdos miestas,Vienybės gatvė
426,LIETUVOS RESPUBLIKA,Klaipėdos apskritis,Klaipėdos miesto savivaldybė,,Klaipėda,Klaipėdos miestas,Vikingų gatvė
427,LIETUVOS RESPUBLIKA,Klaipėdos apskritis,Klaipėdos miesto savivaldybė,,Klaipėda,Klaipėdos miestas,Viliaus Bajoro gatvė
428,LIETUVOS RESPUBLIKA,Klaipėdos apskritis,Klaipėdos miesto savivaldybė,,Klaipėda,Klaipėdos miestas,Vilkijos gatvė
429,LIETUVOS RESPUBLIKA,Klaipėdos apskritis,Klaipėdos miesto savivaldybė,,Klaipėda,Klaipėdos miestas,Vilnelės gatvė
430,LIETUVOS RESPUBLIKA,Klaipėdos apskritis,Klaipėdos miesto savivaldybė,,Klaipėda,Klaipėdos miestas,Vilniaus plentas
431,LIETUVOS RESPUBLIKA,Klaipėdos apskritis,Klaipėdos miesto savivaldybė,,Klaipėda,Klaipėdos miestas,Vilties gatvė
432,LIETUVOS RESPUBLIKA,Klaipėdos apskritis,Klaipėdos miesto savivaldybė,,Klaipėda,Klaipėdos miestas,Vingio gatvė
433,LIETUVOS RESPUBLIKA,Klaipėdos apskritis,Klaipėdos miesto savivaldybė,,Klaipėda,Klaipėdos miestas,Virkučių gatvė
434,LIETUVOS RESPUBLIKA,Klaipėdos apskritis,Klaipėdos miesto savivaldybė,,Klaipėda,Klaipėdos miestas,Viršutinė gatvė
435,LIETUVOS RESPUBLIKA,Klaipėdos apskritis,Klaipėdos miesto savivaldybė,,Klaipėda,Klaipėdos miestas,Vytauto gatvė
436,LIETUVOS RESPUBLIKA,Klaipėdos apskritis,Klaipėdos miesto savivaldybė,,Klaipėda,Klaipėdos miestas,Vyturio gatvė
437,LIETUVOS RESPUBLIKA,Klaipėdos apskritis,Klaipėdos miesto savivaldybė,,Klaipėda,Klaipėdos miestas,Vyšnių gatvė
438,LIETUVOS RESPUBLIKA,Klaipėdos apskritis,Klaipėdos miesto savivaldybė,,Klaipėda,Klaipėdos miestas,Vėjo gatvė
439,LIETUVOS RESPUBLIKA,Klaipėdos apskritis,Klaipėdos miesto savivaldybė,,Klaipėda,Klaipėdos miestas,Vėtros gatvė
440,LIETUVOS RESPUBLIKA,Klaipėdos apskritis,Klaipėdos miesto savivaldybė,,Klaipėda,Klaipėdos miestas,Zanavykų gatvė
441,LIETUVOS RESPUBLIKA,Klaipėdos apskritis,Klaipėdos miesto savivaldybė,,Klaipėda,Klaipėdos miestas,Zarasų gatvė
442,LIETUVOS RESPUBLIKA,Klaipėdos apskritis,Klaipėdos miesto savivaldybė,,Klaipėda,Klaipėdos miestas,Ąžuolų gatvė
443,LIETUVOS RESPUBLIKA,Klaipėdos apskritis,Klaipėdos miesto savivaldybė,,Klaipėda,Klaipėdos miestas,Įgulos gatvė
444,LIETUVOS RESPUBLIKA,Klaipėdos apskritis,Klaipėdos miesto savivaldybė,,Klaipėda,Klaipėdos miestas,Šaltinio gatvė
445,LIETUVOS RESPUBLIKA,Klaipėdos apskritis,Klaipėdos miesto savivaldybė,,Klaipėda,Klaipėdos miestas,Šaltkalvių gatvė
446,LIETUVOS RESPUBLIKA,Klaipėdos apskritis,Klaipėdos miesto savivaldybė,,Klaipėda,Klaipėdos miestas,Šarlotės gatvė
447,LIETUVOS RESPUBLIKA,Klaipėdos apskritis,Klaipėdos miesto savivaldybė,,Klaipėda,Klaipėdos miestas,Šatrijos gatvė
448,LIETUVOS RESPUBLIKA,Klaipėdos apskritis,Klaipėdos miesto savivaldybė,,Klaipėda,Klaipėdos miestas,Šaudyklos gatvė
449,LIETUVOS RESPUBLIKA,Klaipėdos apskritis,Klaipėdos miesto savivaldybė,,Klaipėda,Klaipėdos miestas,Šaulių gatvė
450,LIETUVOS RESPUBLIKA,Klaipėdos apskritis,Klaipėdos miesto savivaldybė,,Klaipėda,Klaipėdos miestas,Šermukšnių gatvė
451,LIETUVOS RESPUBLIKA,Klaipėdos apskritis,Klaipėdos miesto savivaldybė,,Klaipėda,Klaipėdos miestas,Šešupės gatvė
452,LIETUVOS RESPUBLIKA,Klaipėdos apskritis,Klaipėdos miesto savivaldybė,,Klaipėda,Klaipėdos miestas,Šiaulių gatvė
453,LIETUVOS RESPUBLIKA,Klaipėdos apskritis,Klaipėdos miesto savivaldybė,,Klaipėda,Klaipėdos miestas,Šiaurinė gatvė
454,LIETUVOS RESPUBLIKA,Klaipėdos apskritis,Klaipėdos miesto savivaldybė,,Klaipėda,Klaipėdos miestas,Šiaurės prospektas
455,LIETUVOS RESPUBLIKA,Klaipėdos apskritis,Klaipėdos miesto savivaldybė,,Klaipėda,Klaipėdos miestas,Šienpjovių gatvė
456,LIETUVOS RESPUBLIKA,Klaipėdos apskritis,Klaipėdos miesto savivaldybė,,Klaipėda,Klaipėdos miestas,Šilo gatvė
457,LIETUVOS RESPUBLIKA,Klaipėdos apskritis,Klaipėdos miesto savivaldybė,,Klaipėda,Klaipėdos miestas,Šilojų gatvė
458,LIETUVOS RESPUBLIKA,Klaipėdos apskritis,Klaipėdos miesto savivaldybė,,Klaipėda,Klaipėdos miestas,Šiltnamių gatvė
459,LIETUVOS RESPUBLIKA,Klaipėdos apskritis,Klaipėdos miesto savivaldybė,,Klaipėda,Klaipėdos miestas,Šilutės plentas
460,LIETUVOS RESPUBLIKA,Klaipėdos apskritis,Klaipėdos miesto savivaldybė,,Klaipėda,Klaipėdos miestas,Škunų gatvė
461,LIETUVOS RESPUBLIKA,Klaipėdos apskritis,Klaipėdos miesto savivaldybė,,Klaipėda,Klaipėdos miestas,Šlaito gatvė
462,LIETUVOS RESPUBLIKA,Klaipėdos apskritis,Klaipėdos miesto savivaldybė,,Klaipėda,Klaipėdos miestas,Šlakių gatvė
463,LIETUVOS RESPUBLIKA,Klaipėdos apskritis,Klaipėdos miesto savivaldybė,,Klaipėda,Klaipėdos miestas,Šlamučių gatvė
464,LIETUVOS RESPUBLIKA,Klaipėdos apskritis,Klaipėdos miesto savivaldybė,,Klaipėda,Klaipėdos miestas,Šlavegių gatvė
465,LIETUVOS RESPUBLIKA,Klaipėdos apskritis,Klaipėdos miesto savivaldybė,,Klaipėda,Klaipėdos miestas,Šturmanų gatvė
466,LIETUVOS RESPUBLIKA,Klaipėdos apskritis,Klaipėdos miesto savivaldybė,,Klaipėda,Klaipėdos miestas,Šventosios gatvė
467,LIETUVOS RESPUBLIKA,Klaipėdos apskritis,Klaipėdos miesto savivaldybė,,Klaipėda,Klaipėdos miestas,Švepelių gatvė
468,LIETUVOS RESPUBLIKA,Klaipėdos apskritis,Klaipėdos miesto savivaldybė,,Klaipėda,Klaipėdos miestas,Šviesos gatvė
469,LIETUVOS RESPUBLIKA,Klaipėdos apskritis,Klaipėdos miesto savivaldybė,,Klaipėda,Klaipėdos miestas,Švyturio gatvė
470,LIETUVOS RESPUBLIKA,Klaipėdos apskritis,Klaipėdos miesto savivaldybė,,Klaipėda,Klaipėdos miestas,Žalgirio gatvė
471,LIETUVOS RESPUBLIKA,Klaipėdos apskritis,Klaipėdos miesto savivaldybė,,Klaipėda,Klaipėdos miestas,Žardininkų gatvė
472,LIETUVOS RESPUBLIKA,Klaipėdos apskritis,Klaipėdos miesto savivaldybė,,Klaipėda,Klaipėdos miestas,Žardupės gatvė
473,LIETUVOS RESPUBLIKA,Klaipėdos apskritis,Klaipėdos miesto savivaldybė,,Klaipėda,Klaipėdos miestas,Žemaičių gatvė
474,LIETUVOS RESPUBLIKA,Klaipėdos apskritis,Klaipėdos miesto savivaldybė,,Klaipėda,Klaipėdos miestas,Žemynos gatvė
475,LIETUVOS RESPUBLIKA,Klaipėdos apskritis,Klaipėdos miesto savivaldybė,,Klaipėda,Klaipėdos miestas,Žiedų skersgatvis
476,LIETUVOS RESPUBLIKA,Klaipėdos apskritis,Klaipėdos miesto savivaldybė,,Klaipėda,Klaipėdos miestas,Žilvičių gatvė
477,LIETUVOS RESPUBLIKA,Klaipėdos apskritis,Klaipėdos miesto savivaldybė,,Klaipėda,Klaipėdos miestas,Žiobrių gatvė
478,LIETUVOS RESPUBLIKA,Klaipėdos apskritis,Klaipėdos miesto savivaldybė,,Klaipėda,Klaipėdos miestas,Žolynų gatvė
479,LIETUVOS RESPUBLIKA,Klaipėdos apskritis,Klaipėdos miesto savivaldybė,,Klaipėda,Klaipėdos miestas,Žuvinto gatvė
480,LIETUVOS RESPUBLIKA,Klaipėdos apskritis,Klaipėdos miesto savivaldybė,,Klaipėda,Klaipėdos miestas,Žuvėdrų Tako gatvė
481,LIETUVOS RESPUBLIKA,Klaipėdos apskritis,Klaipėdos miesto savivaldybė,,Klaipėda,Klaipėdos miestas,Žvaigždžių gatvė
482,LIETUVOS RESPUBLIKA,Klaipėdos apskritis,Klaipėdos miesto savivaldybė,,Klaipėda,Klaipėdos miestas,Žvejonės gatvė
483,LIETUVOS RESPUBLIKA,Klaipėdos apskritis,Klaipėdos miesto savivaldybė,,Klaipėda,Klaipėdos miestas,Žvejonės tako gatvė
484,LIETUVOS RESPUBLIKA,Klaipėdos apskritis,Klaipėdos miesto savivaldybė,,Klaipėda,Klaipėdos miestas,Žvejų gatvė
485,LIETUVOS RESPUBLIKA,Klaipėdos apskritis,Klaipėdos miesto savivaldybė,,Klaipėda,Klaipėdos miestas,Žvelsos gatvė
486,LIETUVOS RESPUBLIKA,Klaipėdos apskritis,Klaipėdos miesto savivaldybė,,Klaipėda,Klaipėdos miestas,Žūklės gatvė
